split,speakerID,filename,text,local_path,duration_sec,sample_rate,channels,peak,rms,qc_status
test,spk_15_0193,15_0263.wav,"Trường Trung học phổ thông Kiến Thụy là một trong những ngôi trường có bề dày lịch sử truyền thống rất là nhiều năm qua và đặc biệt trong hai năm gần đây thì việc học tập làm theo bác được nhà trường thực hiện rất là bài bản, rất là nghiêm túc, triển khai rất là đầy đủ theo đúng tất cả các bước, theo tinh thần của huyện ủy Kiến Thụy chỉ đạo.",D:\hustmedia\python\tts\vie_neu\train\vimd_haiphong\test\spk_15_0193\15_0263.wav,19.685,32000,2,0.54296875,0.054205095127223865,pass:duration_preference_outside_4_15s
test,spk_15_0193,15_0264.wav,"Nhà trường đã rèn luyện được phẩm chất đạo đức cho cán bộ giáo viên và học sinh, là một trong những trường học đầu tiên trên địa bàn thành phố tổ chức kết nạp Đảng cho học sinh.",D:\hustmedia\python\tts\vie_neu\train\vimd_haiphong\test\spk_15_0193\15_0264.wav,10.615,32000,2,0.64935302734375,0.06711890189656906,pass
test,spk_15_0208,15_0280.wav,"là nguồn lực của thành phố, nguồn lực của xã hội và nguồn lực của các doanh nghiệp để vào đầu tư và phát triển Kiến An. Thế rồi cái thứ ba nữa là chúng tôi đã tập trung cao, đó là quan tâm đến các cái chính sách, rồi đội ngũ cán bộ để quá trình tổ chức triển khai thực hiện nhiệm vụ.",D:\hustmedia\python\tts\vie_neu\train\vimd_haiphong\test\spk_15_0208\15_0280.wav,16.759002267573695,44100,2,0.6710205078125,0.050328698012735595,pass:duration_preference_outside_4_15s
test,spk_15_0208,15_0281.wav,Giải pháp mà đã thực hiện trong nửa nhiệm kỳ đầu đó là chúng tôi đã cụ thể hóa được các cái chương trình kế hoạch trên cơ sở các nhiệm vụ và từ việc đó thì cũng đã phân công rõ người rõ việc và bên cạnh đó cũng huy động được mọi nguồn lực,D:\hustmedia\python\tts\vie_neu\train\vimd_haiphong\test\spk_15_0208\15_0281.wav,15.781995464852608,44100,2,0.63275146484375,0.06461172386752344,pass:duration_preference_outside_4_15s
test,spk_15_0216,15_0289.wav,cái mặt đường của chợ con đó là cái vỉa hè của chỗ chợ để kinh doanh buôn bán thì cái này thì cũng là cái nhức nhối mà cũng cái là cái có rất nhiều ý kiến của nhân dân hoặc là ý kiến của cử tri về vấn đề mất trật tự an toàn giao thông.,D:\hustmedia\python\tts\vie_neu\train\vimd_haiphong\test\spk_15_0216\15_0289.wav,18.783990929705215,44100,2,0.768890380859375,0.06321840977895421,pass:duration_preference_outside_4_15s
test,spk_15_0216,15_0290.wav,các cái hộ kinh doanh ở trong chợ thì đã có cái điểm kinh doanh ở trong chợ rồi nhưng đôi khi là cái tình trạng buôn bán là nó ế ẩm nên là đôi khi là họ có di chuyển một ít mặt hàng kinh doanh ở trong chợ ra ngoài,D:\hustmedia\python\tts\vie_neu\train\vimd_haiphong\test\spk_15_0216\15_0290.wav,16.400997732426305,44100,2,0.8043212890625,0.07000492294703098,pass:duration_preference_outside_4_15s
test,spk_15_0217,15_0291.wav,"Với mười tám chỉ tiêu cho nghị quyết đại hội xác định là đã có sáu chỉ tiêu hoàn thành vượt mức thì chúng tôi vẫn tiếp tục chỉ đạo triển khai để đạt được một kết quả cao nhất khi kết thúc nghị quyết đại hội. Cái thứ hai với mười hai chỉ tiêu còn lại thì chúng tôi đang tập trung để rà soát, bên cạnh đó sẽ có một chỉ đạo một cách quyết liệt. Đối với từng chỉ tiêu, trong đó chúng tôi đã có những cái điều chỉnh, những chỉ tiêu mang tính nhất hết sức tiên tiến",D:\hustmedia\python\tts\vie_neu\train\vimd_haiphong\test\spk_15_0217\15_0291.wav,27.711995464852606,44100,2,0.707855224609375,0.06214524334024724,pass:duration_preference_outside_4_15s
test,spk_15_0217,15_0292.wav,"như là giảm hộ nghèo theo nghị quyết đại hội nhiệm kỳ hai mươi hai năm. Đến năm hai nghìn không trăm hai năm, quận Kiến An còn không phẩy hai phần nghìn hộ nghèo. Nhưng chúng tôi xác định đến năm hai ngàn không trăm hai năm thì sẽ không còn hộ nghèo theo chuẩn đa chiều.",D:\hustmedia\python\tts\vie_neu\train\vimd_haiphong\test\spk_15_0217\15_0292.wav,13.54,44100,2,0.544921875,0.05549254889090603,pass
test,spk_15_0217,15_0293.wav,"Thế rồi cái thứ hai đó là về phát triển đảng. Phấn đấu là từ năm hai nghìn hai ba sẽ có chín mươi phần trăm tổ chức đảng hoàn thành tốt nhiệm vụ. Và trong đó có hai mươi phần trăm tổ chức đảng hoàn thành xuất sắc nhiệm vụ. Tăng cường nguồn lực ngân sách, đáp ứng yêu cầu đầu tư cho các hạng mục công trình và để cho phát triển Kiến An.",D:\hustmedia\python\tts\vie_neu\train\vimd_haiphong\test\spk_15_0217\15_0293.wav,17.210997732426303,44100,2,0.870391845703125,0.05432677294878458,pass:duration_preference_outside_4_15s
test,spk_15_0218,15_0294.wav,"Ngay từ cuối năm hai không hai mốt, đảng Bộ quận ngô quyền giao cho uỷ ban xây dựng đề án phát triển kinh tế gắn với tăng thu ngân sách. Tôi xây dựng một số hệ thống cái ví dụ như quản lý thông tin đến từng hộ kinh doanh theo thời gian thực. Thứ hai là cũng phát triển một số mô hình kinh tế tuần hoàn trong cộng đồng.",D:\hustmedia\python\tts\vie_neu\train\vimd_haiphong\test\spk_15_0218\15_0294.wav,20.273990929705214,44100,2,0.877532958984375,0.058396585859332176,pass:duration_preference_outside_4_15s
test,spk_15_0218,15_0295.wav,"Thứ ba, chúng tôi cũng đang nghiên cứu sẽ báo cáo của thành phố là nghiên cứu xây dựng một số khu gọi là trung tâm outlet tại quận ngô quyền với mục tiêu thu hút một số doanh nghiệp và kích thích các doanh nghiệp nhỏ tham gia và phát triển.",D:\hustmedia\python\tts\vie_neu\train\vimd_haiphong\test\spk_15_0218\15_0295.wav,12.917006802721088,44100,2,0.573883056640625,0.06289901618184335,pass
test,spk_15_0218,15_0296.wav,"Ngoài ra thì cũng phát hiện thêm một số mô hình như kinh tế đêm, các khu phố đi bộ để phát triển và tập trung trong khu đô thị sinh thái và khu đô thị tuần hoàn. Từ nay đến cuối năm hai không hai lăm chúng tôi phải phấn đấu hoàn thành chỉ tiêu thu thuế ngoại quốc doanh và đạt một nghìn hai trăm tám tám tỷ. Hiện nay đến năm hai không hai hai chúng tôi mới đạt được khoảng năm mươi hai phần trăm sáu trăm sáu hai tỷ.",D:\hustmedia\python\tts\vie_neu\train\vimd_haiphong\test\spk_15_0218\15_0296.wav,26.680997732426302,44100,2,1.0,0.07222545963866833,"flag:duration_preference_outside_4_15s,possible_clipping"
test,spk_15_0218,15_0297.wav,"Rồi chỉ tiêu theo số doanh nghiệp hoạt động trên địa bàn Từ nay đến năm hai không hai lăm chúng tôi sẽ phải đạt năm nghìn hai trăm doanh nghiệp. Mà hiện nay đến hết năm hai không hai hai thì số doanh nghiệp đang hoạt động trên địa bàn của tôi là ba nghìn bốn trăm năm mươi doanh nghiệp. Để mà đạt được cái tốc độ đến cuối năm hai không hai lăm mà đạt được chỉ tiêu như trên, đòi hỏi là tăng tốc độ gần như là phải gấp đôi so với gia đoạn từ hai mươi đến hai hai.",D:\hustmedia\python\tts\vie_neu\train\vimd_haiphong\test\spk_15_0218\15_0297.wav,24.219002267573696,44100,2,0.9349365234375,0.06382246040762561,pass:duration_preference_outside_4_15s
test,spk_15_0219,15_0298.wav,Chúng tôi cũng sẽ rà soát lại toàn bộ các hệ thống chỉ tiêu mà huyện cũng đã xác định từ đầu nhiệm kỳ đặc biệt là kế hoạch phát triển kinh tế xã hội năm năm hai nghìn hai mốt hai lăm mà thành phố đã giao cho huyện thì chúng tôi sẽ tập trung cái thứ nhất là thu ngân sách đây là một trong những cái khâu quan trọng bởi vì nếu có thu được ngân sách thì đảm bảo được cân đối cũng như đầu tư trở lại thì huyện mới có điều kiện để phát triển,D:\hustmedia\python\tts\vie_neu\train\vimd_haiphong\test\spk_15_0219\15_0298.wav,23.79798185941043,44100,2,0.547607421875,0.05213678592358308,pass:duration_preference_outside_4_15s
test,spk_15_0219,15_0299.wav,"Cái thứ hai nữa là tập trung đẩy nhanh tiến độ giải phóng mặt bằng các dự án lớn của thành phố. Đặc biệt là các tuyến đường trọng điểm mà thành phố đã quan tâm đầu tư cho huyện. Thế rồi các khu cụm công nghiệp, các khu đô thị sẽ triển khai trong thời gian tới của địa bàn huyện. Cái thứ ba nữa là tập trung về chỉ đạo sản xuất nông nghiệp Thì cái này huyện ủy cũng đã ban hành cái nghị quyết không tám về các cái mô hình tích tụ ruộng đất",D:\hustmedia\python\tts\vie_neu\train\vimd_haiphong\test\spk_15_0219\15_0299.wav,24.616009070294783,44100,2,0.64044189453125,0.053761584071865355,pass:duration_preference_outside_4_15s
test,spk_15_0219,15_0300.wav,"Cái này để nhằm mục đích một là khai thác tối đa các cái quỹ đất không bỏ hoang, đồng thời với đó là quản lý chặt chẽ các quỹ đất để không để phát sinh các sai phạm tiêu cực trong việc sử dụng đất như thời gian vừa qua.",D:\hustmedia\python\tts\vie_neu\train\vimd_haiphong\test\spk_15_0219\15_0300.wav,14.130997732426303,44100,2,0.75628662109375,0.0620748075072382,pass
test,spk_15_0220,15_0301.wav,"Ban chấp hành đảng Bộ huyện bám sát mục tiêu nghị quyết đại hội đảng Bộ thành phố, nghị quyết đại hội đảng Bộ huyện đề ra và bám sát với tình hình thực tế, nhiệm vụ về chuyển đổi đơn vị hành chính quận và cũng đã thống nhất đánh giá, điều chỉnh, bổ khuyết một số chỉ tiêu. Trong đó đã huy động và sử dụng có hiệu quả mọi nguồn lực",D:\hustmedia\python\tts\vie_neu\train\vimd_haiphong\test\spk_15_0220\15_0301.wav,23.672993197278913,44100,2,0.643035888671875,0.090425911653591,pass:duration_preference_outside_4_15s
test,spk_15_0220,15_0302.wav,tập trung trong đó phát triển kinh tế là trọng điểm và phát triển nông nghiệp sinh thái công nghiệp thương mại dịch vụ. Quyết tâm để xây dựng và phát triển huyện theo hướng đô thị văn minh hiện đại để huyện sớm trở thành đơn vị hành chính quận trước năm hai nghìn không trăm hai lăm.,D:\hustmedia\python\tts\vie_neu\train\vimd_haiphong\test\spk_15_0220\15_0302.wav,16.95201814058957,44100,2,0.7735595703125,0.07774607735636409,pass:duration_preference_outside_4_15s
test,spk_15_0222,15_0304.wav,"Địa phương cũng đã thấy rõ được cái chuyển biến về cái bộ mặt đô thị Các cái tuyến đường, tuyến ngõ thì cũng đã được bà con giữ gìn sạch đẹp, phong quang hơn Thế rồi các cái quảng cáo rao vặt trái phép trên bờ tường, gốc cây, cột điện Thì cũng đã được bà con nhân dân cùng cán bộ công chức xóa phá thường xuyên. Thế là tạo được cái hình ảnh đẹp tại các cái đầu ngõ",D:\hustmedia\python\tts\vie_neu\train\vimd_haiphong\test\spk_15_0222\15_0304.wav,20.723990929705217,44100,2,0.630889892578125,0.04975741845365855,pass:duration_preference_outside_4_15s
test,spk_15_0222,15_0305.wav,"Mặt trận tổ quốc các đoàn thể các phường đã phối hợp với ủy ban nhân dân Cùng với các cái tổ dân phố để có mô hình cụ thể để tạo được cái chỉnh trang đô thị như là vẽ tranh tường, thế rồi làm các cái pano áp phích tuyên truyền tại các đầu ngõ.",D:\hustmedia\python\tts\vie_neu\train\vimd_haiphong\test\spk_15_0222\15_0305.wav,15.115986394557822,44100,2,0.77337646484375,0.06352742065071312,pass:duration_preference_outside_4_15s
train,spk_15_0004,15_0004.wav,"câu lạc bộ dịch vụ điện. để Thông qua đó, các đơn vị thành viên cùng chí hướng, cùng ngành nghề, cùng lĩnh vực dịch vụ. có thể cùng sinh hoạt, tạo ra một cái sân chơi, trao đổi kinh nghiệm, giao lưu, xúc tiến thương mại, cũng như tổng hợp ý kiến, đề xuất kiến nghị về cấp có thẩm quyền liên quan tới lĩnh vực của mình.",D:\hustmedia\python\tts\vie_neu\train\vimd_haiphong\train\spk_15_0004\15_0004.wav,16.948,32000,2,0.73394775390625,0.09350558049332187,pass:duration_preference_outside_4_15s
train,spk_15_0004,15_0005.wav,"Thời gian tới, Liên minh sẽ hỗ trợ các đơn vị thành lập một số các câu lạc bộ hoạt động sinh hoạt theo nhóm lĩnh vực ngành nghề chuyên biệt. Tôi lấy ví dụ như là nhóm câu lạc bộ ngành nghề vệ sinh môi trường, câu lạc bộ sản phẩm ocop",D:\hustmedia\python\tts\vie_neu\train\vimd_haiphong\train\spk_15_0004\15_0005.wav,13.722,32000,2,0.971527099609375,0.08145412013230642,pass
train,spk_15_0008,15_0009.wav,"về mặt cảnh quan, biển đảo rồi nó chứa đựng những giá trị địa chất địa bảo Chúng ta với tư cách là người được thụ hưởng cái di sản đó thì ngoài việc là chúng ta thụ hưởng nhưng chúng ta cũng mỗi người có một cái phần trách nhiệm để mà gìn giữ, bảo tồn, phát triển du địch.",D:\hustmedia\python\tts\vie_neu\train\vimd_haiphong\train\spk_15_0008\15_0009.wav,23.05,32000,2,0.857269287109375,0.056165880147303164,pass:duration_preference_outside_4_15s
train,spk_15_0008,15_0010.wav,với cái tâm trạng của mình là người Hải Phòng thì tôi cũng rất là phấn khởi Cát Bà nó không chỉ là một cái nơi du lịch thuần túy mà trong đó nó chứa đựng rất nhiều cái giá trị,D:\hustmedia\python\tts\vie_neu\train\vimd_haiphong\train\spk_15_0008\15_0010.wav,11.953,32000,2,0.769683837890625,0.052829958245721266,pass
train,spk_15_0009,15_0011.wav,"Muốn được công nhận ấy thì trong quá trình làm hồ sơ thì là hai địa phương có cái sự bàn bạc với nhau rất kỹ Có những lần gặp trực tiếp, có những lần họp trực tuyến, có những lần mà chúng tôi phải họp trực tuyến không những đối với Quảng Ninh mà với Bộ văn hóa rồi Bộ Ngoại giao và đối với đại diện Bộ Ngoại giao",D:\hustmedia\python\tts\vie_neu\train\vimd_haiphong\train\spk_15_0009\15_0011.wav,25.407,32000,2,0.572052001953125,0.05322526129200547,pass:duration_preference_outside_4_15s
train,spk_15_0009,15_0012.wav,của Việt Nam tại UNESCO. Cái cam kết của Hải Phòng đối với UNESCO thì cũng ta cũng đề nghị Quảng Ninh là cũng có cái cam kết cùng với ta. Và cái mà cao hơn là trong cái kỳ họp vừa rồi,D:\hustmedia\python\tts\vie_neu\train\vimd_haiphong\train\spk_15_0009\15_0012.wav,15.649,32000,2,0.58538818359375,0.056071233218153105,pass:duration_preference_outside_4_15s
train,spk_15_0009,15_0013.wav,thì chính phủ đã có cái công hàm gửi các cái nước thành viên và các cái tổ chức liên quan là hỗ trợ ủng hộ để công nhận cái di sản thiên nhiên thế giới Vịnh Hạ Long quần Đảo Cát Bà,D:\hustmedia\python\tts\vie_neu\train\vimd_haiphong\train\spk_15_0009\15_0013.wav,15.761,32000,2,0.5155029296875,0.03989370203244273,pass:duration_preference_outside_4_15s
train,spk_15_0010,15_0014.wav,"Trong suốt ba mươi năm qua, Hải Phòng rất nỗ lực trong việc cải thiện môi trường đầu tư. Theo đó, cái đầu tư của Hải Phòng đã có những cái biến chuyển rất là đáng kể. Riêng trong hơn hai năm trở lại đây,thì đầu tư nước ngoài vào khu công nghiệp khu kinh tế của Hải Phòng đã chiếm tới khoảng gần mười tỷ đô la Mỹ.",D:\hustmedia\python\tts\vie_neu\train\vimd_haiphong\train\spk_15_0010\15_0014.wav,15.562,32000,2,0.835662841796875,0.060905721750581544,pass:duration_preference_outside_4_15s
train,spk_15_0010,15_0015.wav,"Qua đó, đã thấy rằng Hải Phòng đã có một cái sự bứt phá rất nỗ lực trong việc thu hút đầu tư. Và thu hút đầu tư này đang đi theo hướng tức là có chất lượng và bền vững",D:\hustmedia\python\tts\vie_neu\train\vimd_haiphong\train\spk_15_0010\15_0015.wav,17.48,32000,2,0.806549072265625,0.06334462759730193,pass:duration_preference_outside_4_15s
train,spk_15_0014,15_0019.wav,"Quá trình chiến đấu ta đã chủ động đánh địch từ xa khi chúng đang hành quân di chuyển thực hiện đánh địch rộng khắp, kết hợp đánh có trọng điểm. tổ chức (luôn càng) khéo léo kịp thời. Đặc biệt, Ta đã kết hợp chặt chẽ việc tác chiến của bộ đội chủ lực, có sức cơ động chiến đấu cao với bộ đội địa phương, dân quân du kích và nhân dân trong các thôn, các xã, tạo thành thế trận rộng khắp, buộc địch phải phân tán lực lượng, căng kéo đối phó dẫn đến bị chia cắt, tiêu hao, tiêu diệt.",D:\hustmedia\python\tts\vie_neu\train\vimd_haiphong\train\spk_15_0014\15_0019.wav,26.249002267573697,44100,2,0.999969482421875,0.09150971482770755,"flag:duration_preference_outside_4_15s,possible_clipping"
train,spk_15_0014,15_0020.wav,"Trận chống Càn, Cờ lốt trong kháng chiến chống thực dân Pháp của quân và dân Tiên Lãng, làm minh chứng nổi bật trong vận dụng linh hoạt các hình thức chiến thuật của nghệ thuật chiến tranh du kích và xây dựng làng xã chiến đấu. Quân và dân ta đã triệt để lợi dụng, cải tạo địa hình địa vật để xây dựng công sự hào lũy, chông mìn, cạm bẫy liên hoàn giữa các thôn, các xã.",D:\hustmedia\python\tts\vie_neu\train\vimd_haiphong\train\spk_15_0014\15_0020.wav,21.23498866213152,44100,2,0.956390380859375,0.08455151531828724,pass:duration_preference_outside_4_15s
train,spk_15_0016,15_0022.wav,"Đặc biệt,cái chiến thắng trận Càn Cờ Lốt của quân và dân Tiên Lãng đã đập tan kế hoạch Nava và góp phần trực tiếp vào chiến thắng Đông Xuân năm một nghìn chín trăm năm tư và đỉnh cao là chiến thắng lịch sử Điện Biên Phủ mở đầu cho cái sự sụp đổ của chủ nghĩa thực dân cũ trên toàn thế giới.",D:\hustmedia\python\tts\vie_neu\train\vimd_haiphong\train\spk_15_0016\15_0022.wav,19.333990929705216,44100,2,0.985626220703125,0.06964350369469015,pass:duration_preference_outside_4_15s
train,spk_15_0016,15_0023.wav,"Với hai mươi ba ngày đêm giằng co quyết liệt và một trăm tám mươi hai trận chiến đấu, quân và dân Tiên Lãng đã đập tan trận Càn Cờ Lốt buộc địch phải giúp lực lượng quân cơ động khỏi cái vùng Tiên Lãng. Và vùng Tiên Lãng được Đại tướng Võ nguyên giáp ví như là một con dao nhọn đâm thẳng vào trái tim của kẻ thù.",D:\hustmedia\python\tts\vie_neu\train\vimd_haiphong\train\spk_15_0016\15_0023.wav,17.40598639455782,44100,2,0.894439697265625,0.07223360215598172,pass:duration_preference_outside_4_15s
train,spk_15_0020,15_0027.wav,Thế thì hiện nay cơ bản thì các hộ dân vừa là hiến đất vừa là như vầy là tháo dỡ hành lang thì đã cơ bản hoàn thành Với đất ở thì cũng hiến như vậy là gần hai trăm mét. Đối với đất nông nghiệp thì hiện vào khoảng tám trăm mét vuông để cho tất cả các cái công trình này sớm được hoàn thành.,D:\hustmedia\python\tts\vie_neu\train\vimd_haiphong\train\spk_15_0020\15_0027.wav,20.143015873015873,44100,2,0.532379150390625,0.05686047858244097,pass:duration_preference_outside_4_15s
train,spk_15_0020,15_0028.wav,"Trước đây thì đường xá thì đoạn đường nào rộng thì chỉ được có ba mét rưỡi, ba mét ba mét rưỡi Nhưng mà sau khi mà xây dựng cái chương trình này thì như vầy là đường hiện nay đang mở rộng Tổng số như vầy là có ba tuyến đường mở rộng bảy mét rưỡi Còn lại là như vầy một tuyến đường mở rộng năm mét rưỡi Nhìn chung là trong địa bàn thôn của tôi có tổng số là bốn mươi hai hộ dân có đất hành lang đi trên các cái tuyến đường",D:\hustmedia\python\tts\vie_neu\train\vimd_haiphong\train\spk_15_0020\15_0028.wav,25.87798185941043,44100,2,0.610198974609375,0.06523816703008418,pass:duration_preference_outside_4_15s
train,spk_15_0029,15_0037.wav,có thêm một Di sản Thế giới Liên Tỉnh đầu tiên chúng ta cũng có cơ hội rất là lớn để quảng bá cái Di sản này trên phạm vi toàn cầu và qua đó quảng bá cái hình ảnh của thành phố Hải Phòng ở các phạm vi toàn cầu.,D:\hustmedia\python\tts\vie_neu\train\vimd_haiphong\train\spk_15_0029\15_0037.wav,13.128004535147392,44100,2,0.615264892578125,0.055524376811069996,pass
train,spk_15_0029,15_0038.wav,hai ngàn mười sáu thì chính phủ là đồng ý cho (...) tái tạo du lịch cùng ủy ban nhân dân thành phố hải phòng. trình hồ sơ đề cử kết hợp Quần đảo Cát Bà cùng với vịnh Hạ Long trở thành Di sản Thiên Nhiên Thế giới. và Như vậy chúng ta phải mất khoảng bảy năm chờ đợi Quần đảo Cát Bà cùng với vịnh Hạ Long trở thành Di sản thiên nhiên thế giới. Và đấy là một tin rất là vui đối với lại thành phố Hải Phòng nói riêng cả nước Nói chung,D:\hustmedia\python\tts\vie_neu\train\vimd_haiphong\train\spk_15_0029\15_0038.wav,23.003990929705214,44100,2,0.7425537109375,0.05746291609378091,pass:duration_preference_outside_4_15s
train,spk_15_0033,15_0042.wav,Xác định rằng cái việc phòng cháy chữa cháy là rất là quan trọng nên chúng tôi cũng đã tổ chức sáu cái tổ liên gia thực tập nội bộ để cách xử lý và cách sử dụng các trang thiết bị phòng cháy chữa cháy.,D:\hustmedia\python\tts\vie_neu\train\vimd_haiphong\train\spk_15_0033\15_0042.wav,9.296780045351474,44100,2,0.461883544921875,0.06838905507587306,pass
train,spk_15_0033,15_0043.wav,Chúng tôi cũng đã giúp cho Ủy ban nhân dân các phường xây dựng và thực tập phương án chữa cháy tại các cái tổ dân phố và vận động các cái hộ gia đình phấn đấu đến ba mươi mốt tháng mười hai là một trăm phần trăm tất cả các hộ gia đình trên địa bàn quận Hải An sẽ có phương tiện chữa cháy xách tay và đảm bảo một trăm phần trăm các hộ gia đình trên địa bàn quận Hải An đều có ít nhất một người được tuyên truyền huấn luyện về nghiệp vụ về phòng cháy chữa cháy.,D:\hustmedia\python\tts\vie_neu\train\vimd_haiphong\train\spk_15_0033\15_0043.wav,28.75793650793651,44100,2,0.38177490234375,0.07913907068388806,pass:duration_preference_outside_4_15s
train,spk_15_0035,15_0045.wav,Chúng tôi nghĩ rằng là đây là một cái sự đánh dấu ngoặc rất là đặc biệt bởi vì là cái quá trình mà Việt Nam thuyết phục UNESCO để công nhận cái di sản này là di sản thế giới thì đã diễn ra trong khoảng mười năm cũng rất là dài và rất là bền bỉ cùng với cả các hội ngành trung ương cùng với tỉnh Quảng Ninh với cả thành phố Hải Phòng.,D:\hustmedia\python\tts\vie_neu\train\vimd_haiphong\train\spk_15_0035\15_0045.wav,26.060997732426305,44100,2,0.657989501953125,0.05829692201604816,pass:duration_preference_outside_4_15s
train,spk_15_0035,15_0046.wav,"cũng như là sự tham gia của các nhà khoa học, của Bộ Ngoại giao, của Bộ văn hóa về thể thao và du lịch và đặc biệt là của người dân Việt Nam và cộng đồng thế giới. thì Khi mà được công nhận là di sản thiên nhiên thế giới thì tôi tin rằng Vịnh Hạ Long và quần đảo cát bà sẽ ngày càng được biết đến nhiều hơn. với các bạn bè thế giới cũng như là người Việt Nam",D:\hustmedia\python\tts\vie_neu\train\vimd_haiphong\train\spk_15_0035\15_0046.wav,24.885986394557822,44100,2,0.598602294921875,0.050759684586874014,pass:duration_preference_outside_4_15s
train,spk_15_0035,15_0047.wav,và chúng ta sẽ phát huy được cái giá trị rất là tuyệt vời của cái khu vực này,D:\hustmedia\python\tts\vie_neu\train\vimd_haiphong\train\spk_15_0035\15_0047.wav,5.8290022675736965,44100,2,0.2757568359375,0.038255707456965146,pass
train,spk_15_0041,15_0053.wav,"cái vai trò của Đô Mea lớn nhất trong giai đoạn thế kỷ mười bảy là vai trò cảng, bến, lưu trú của Thủy Thủ, trao đổi hàng hóa ở những cái quy mô nhất định. Phố Hiến thì là tuần tra kiểm soát hải quan, ví dụ như thế.",D:\hustmedia\python\tts\vie_neu\train\vimd_haiphong\train\spk_15_0041\15_0053.wav,16.6,44100,2,0.979827880859375,0.08880242408713167,pass:duration_preference_outside_4_15s
train,spk_15_0041,15_0054.wav,Còn Thăng Long Cải Chợ thì vừa là sản xuất buôn bán hay trao đổi. Và cũng là nơi mà lưu trú của các thương điếm cùng với lại phố Hiến. Thế thì rõ ràng là mỗi một cái vị trí nó có một cái chức năng riêng Nó tạo nên một chỉnh thể phát triển về thương mại và kinh tế hàng hóa rất là sôi động của đằng ngoài thế kỷ mười bảy.,D:\hustmedia\python\tts\vie_neu\train\vimd_haiphong\train\spk_15_0041\15_0054.wav,17.4,44100,2,0.824371337890625,0.0877796319966567,pass:duration_preference_outside_4_15s
train,spk_15_0042,15_0055.wav,"Bây giờ thì là cánh đồng. Như mà nói là trước đây là một cái vùng đô thị sầm uất. Thế thì tôi cũng không tin. ta bảo Thế thì các bác thử xem có ngờ. Đây này, cái ruộng nhà tôi đây này. Tôi đố các thứ là đào sâu xuống bên dưới được đấy. Đào bên dưới là toàn gạch với đá thôi. Thế mà, các bác chỉ cho chúng tôi là những cái khi người ta làm",D:\hustmedia\python\tts\vie_neu\train\vimd_haiphong\train\spk_15_0042\15_0055.wav,20.131995464852608,44100,2,0.769805908203125,0.08498752934208775,pass:duration_preference_outside_4_15s
train,spk_15_0042,15_0056.wav,"làm ruộng ở đấy đấy là người ta phải đào được các sàn gạch các thứ họ chất đống lên các thứ như thế này đấy. rất là lớn như ở cái đầu bên bờ ruộng các thứ như vậy đấy thì chúng tôi nghĩ rằng là đúng là cái dấu tích của một cái nơi cư trú của một cái bến thuyền của một cái nơi trao đổi hàng hóa các thứ khác như vậy ông giáo sư của đại học Lê Đơn ấy dùng cái giống như cái khoan chọc xuống dưới này này để ông coi như là ông xén đất này, ông lên lên ấy và ông phân tích cái",D:\hustmedia\python\tts\vie_neu\train\vimd_haiphong\train\spk_15_0042\15_0056.wav,28.338979591836736,44100,2,0.817840576171875,0.08346223144524466,pass:duration_preference_outside_4_15s
train,spk_15_0042,15_0057.wav,cái gọi là cái tầng văn hóa ở trong đó ấy thì ông nói là phải nói là cái chỗ này đấy là gì gốm sứ đấy gạch đấy dày đặc thế này đấy thì phải nói là Chắc chắn là khai quật những cái vùng này lên thì chắc chắn là sẽ tìm được cái kiến trúc,D:\hustmedia\python\tts\vie_neu\train\vimd_haiphong\train\spk_15_0042\15_0057.wav,14.659002267573696,44100,2,0.813720703125,0.07391977323561055,pass
train,spk_15_0047,15_0062.wav,Sáng ngày hôm nay thì chúng tôi công khai niêm yết phương án bồi thường đối với ba mươi hộ dân Theo quy định chúng ta có hai mươi ngày công khai niêm yết thế thì Trong hai mươi ngày đấy thì cũng không nhất thiết phải chờ những hộ nào hết hai mươi ngày Mà trong hai mươi ngày thì có những hộ nào mà người ta đồng thuận,D:\hustmedia\python\tts\vie_neu\train\vimd_haiphong\train\spk_15_0047\15_0062.wav,17.20299319727891,44100,2,0.4798583984375,0.06807808905760994,pass:duration_preference_outside_4_15s
train,spk_15_0047,15_0063.wav,"sớm trước hai mươi ngày thì chỉ đạo của quận ngô quyền yêu cầu phòng ban đơn vị tách phương án ra để chúng ta tập trung trình duyệt phương án của những hộ đồng thuận Còn những hộ chưa đồng thuận thì sau hai mươi ngày thì chúng tôi sẽ tổ chức để trả lời đối thoại các tổ chức đơn vị này, sau đó tiếp tục hoàn thiện phương án và chỉnh thẩm định.",D:\hustmedia\python\tts\vie_neu\train\vimd_haiphong\train\spk_15_0047\15_0063.wav,17.683990929705214,44100,2,0.521728515625,0.06114822405191435,pass:duration_preference_outside_4_15s
train,spk_15_0047,15_0064.wav,"ủy ban quận ngô quyền đã ban hành quyết định thành lập một tổ công tác. tám giờ sáng ngày hôm nay thì cái tổ công tác đã tiến hành xuống hiện trường. Trực tiếp đi liên hệ, kết nối để tìm các cái vị trí kho mới để hỗ trợ các cái doanh nghiệp, giới thiệu cho các doanh nghiệp.",D:\hustmedia\python\tts\vie_neu\train\vimd_haiphong\train\spk_15_0047\15_0064.wav,14.883990929705215,44100,2,0.510589599609375,0.06387375395379709,pass
train,spk_15_0047,15_0065.wav,"để người ta có mặt bằng, để người ta xin thuê. Chúng tôi đã tìm được bốn vị trí. Trong bốn vị trí ấy thì có ba vị trí trên địa bàn Phường Vấy Trai. Ngoài ra các vị trí khác thì anh em tôi đang tập trung tới quận Hồng Bàng và quận Hà An tạo cái điều kiện sớm bàn giao mặt bằng đối với mười bốn tổ chức tại dự án này",D:\hustmedia\python\tts\vie_neu\train\vimd_haiphong\train\spk_15_0047\15_0065.wav,19.15800453514739,44100,2,0.503082275390625,0.05459473183709233,pass:duration_preference_outside_4_15s
train,spk_15_0050,15_0068.wav,"Cũng có một số tình trạng xin kinh phí. Chúng tôi cũng đã xử lý đối với những cái trường hợp đó. Yêu cầu là (Hội Chủ Nhân Binh) cho nghỉ, không được hướng dẫn sắp xếp xe ở trên bãi đỗ xe nữa thế và chỉ đạo công an phường. Thường xuyên có lực lượng tuần tra kiểm soát xử lý các cái trường hợp, các cái đối tượng phức tạp",D:\hustmedia\python\tts\vie_neu\train\vimd_haiphong\train\spk_15_0050\15_0068.wav,23.84798185941043,44100,2,0.99993896484375,0.07812916625358073,"flag:duration_preference_outside_4_15s,possible_clipping"
train,spk_15_0050,15_0069.wav,gây ảnh hưởng đến việc an ninh trật tự tại bãi đỗ xe miễn phí này. Thì tôi cũng đề xuất là thành phố có thể thành lập một lực lượng chuyên trách có thẩm quyền để xử lý đối với những trường hợp đỗ xe không đúng theo quy định. Thứ hai là cấp kinh phí để cho ủy ban nhân dân phường có thể thuê một lực lượng chuyên nghiệp để thực hiện nhiệm vụ này.,D:\hustmedia\python\tts\vie_neu\train\vimd_haiphong\train\spk_15_0050\15_0069.wav,28.058004535147393,44100,2,0.999969482421875,0.06494328488952564,"flag:duration_preference_outside_4_15s,possible_clipping"
train,spk_15_0057,15_0076.wav,xuất phát từ lịch sử ngàn năm chống giặc ngoại xâm và thiên tai địch họa cùng với những nét đặc trưng của cái nền văn minh lúa nước vùng bờ sông ven biển. Trong lễ hội của tiên lãng thì chứa đựng cả những yếu tố về tín ngưỡng dân gian,D:\hustmedia\python\tts\vie_neu\train\vimd_haiphong\train\spk_15_0057\15_0076.wav,19.46,44100,2,1.0,0.08554449491804308,"flag:duration_preference_outside_4_15s,possible_clipping"
train,spk_15_0057,15_0077.wav,"về nghi lễ, về phong tục tập quán, về yếu tố nghệ thuật và cả biểu dương sức mạnh cộng đồng. Có thể nói Đây là một bảo tàng sống về giá trị, văn hóa, tâm linh, giao lưu, sáng tạo và sự đoàn kết, góp phần nâng cao cái đời sống tinh thần cho cộng đồng cư dân trong nhiều thế kỷ qua.",D:\hustmedia\python\tts\vie_neu\train\vimd_haiphong\train\spk_15_0057\15_0077.wav,22.941995464852607,44100,2,0.994354248046875,0.07874138978973608,pass:duration_preference_outside_4_15s
train,spk_15_0058,15_0078.wav,"Bà Nhữ Thị Thục tuy là phụ nữ nhưng bà rất giỏi nho học, thông thiên văn địa lý và tiếng số. Bà đã dạy con bà những bài về đạo đức, về nhân cách làm người, thông qua những câu chuyện, những bài hát, những lời ru",D:\hustmedia\python\tts\vie_neu\train\vimd_haiphong\train\spk_15_0058\15_0078.wav,16.753990929705214,44100,2,0.999969482421875,0.08486699797433478,"flag:duration_preference_outside_4_15s,possible_clipping"
train,spk_15_0058,15_0079.wav,"mà chính bà đã sáng tác lên. thậm chí những trò chơi như thả diều, đánh bi, học đánh cờ cũng gửi gắm câu chuyện nhân cách góp phần tạo nên Nguyễn Bỉnh Khiêm thành nhà văn hóa, nhà tư tưởng lớn của dân độc.",D:\hustmedia\python\tts\vie_neu\train\vimd_haiphong\train\spk_15_0058\15_0079.wav,17.446984126984127,44100,2,0.891571044921875,0.07720691540972596,pass:duration_preference_outside_4_15s
train,spk_15_0060,15_0081.wav,Chúng tôi xuất đến tầm khoảng hai trăm bốn mươi đến hai trăm năm mươi lăm chuyến một ngày. Trước khi nghỉ lễ thì chúng tôi cũng đã bàn bạc với các doanh nghiệp. Đưa xe dự phòng để chuẩn bị những cái tình huống mà khách đông Đưa xe dự phòng đến để giải tỏa hành khách khách Trong đó có một số tuyến đường phía Bắc Như,D:\hustmedia\python\tts\vie_neu\train\vimd_haiphong\train\spk_15_0060\15_0081.wav,20.704013605442178,44100,2,0.617828369140625,0.07425724148217215,pass:duration_preference_outside_4_15s
train,spk_15_0060,15_0082.wav,"Lai Châu, Sơn la, điện Biên Những cái tuyến đấy là cái tuyến Thường là đông khách những ngày lễ Còn tất cả những tuyến còn lại thì yêu cầu Những cái nhà xe, những cái doanh nghiệp mà có những cái tuyến ngắn, tuyến huyện tự chủ động",D:\hustmedia\python\tts\vie_neu\train\vimd_haiphong\train\spk_15_0060\15_0082.wav,15.171995464852607,44100,2,0.7557373046875,0.07190323837290732,pass:duration_preference_outside_4_15s
train,spk_15_0064,15_0086.wav,"Công tác san lấp, xử lý nền bãi thì chúng tôi đã hoàn thành cơ bản toàn bộ cái việc mà phun cát đạt đến cái cao trình ba chấm chín lăm. Và tiếp theo là chúng tôi sẽ thực hiện các công tác san lấp, xử lý nền bãi. Nhà thầu đang huy động luôn có từ ba trăm đến năm trăm lao động tại hiện trường để thi công. Dịp nghỉ lễ mùng hai tháng chín thì cải phòng",D:\hustmedia\python\tts\vie_neu\train\vimd_haiphong\train\spk_15_0064\15_0086.wav,22.67498866213152,44100,2,0.311859130859375,0.05118978974833037,pass:duration_preference_outside_4_15s
train,spk_15_0064,15_0087.wav,"Chủ đầu tư cũng như là ban quản lý dự án, các cái đơn vị tư vấn giám sát, rồi nhà thầu thi công cũng quyết tâm là thi công xuyên lễ ba ca bốn kíp ngày đêm để chúng tôi làm sao đó phấn đấu hoàn thành sớm nhất tiến độ các cái mũi thi công cũng như là toàn bộ cái dự án.",D:\hustmedia\python\tts\vie_neu\train\vimd_haiphong\train\spk_15_0064\15_0087.wav,15.85498866213152,44100,2,0.30474853515625,0.05427003864506109,pass:duration_preference_outside_4_15s
train,spk_15_0069,15_0092.wav,"Sự khó khăn vất vả và niềm vui lớn nhất của người làm đài là đưa được thông tin nhanh nhất, chính xác nhất tới khán thính giả của mình. Trong thời chúng tôi đấy, cách đây hàng chục năm thì các cơ quan truyền thông thì rất là ít",D:\hustmedia\python\tts\vie_neu\train\vimd_haiphong\train\spk_15_0069\15_0092.wav,25.75,44100,2,1.0,0.06192416671229623,"flag:duration_preference_outside_4_15s,possible_clipping"
train,spk_15_0069,15_0093.wav,"rồi thì phương tiện truyền thông, nó cũng còn sơ khai, lạc hậu. Các cái báo tạp chí thì người ta ra nhật trình",D:\hustmedia\python\tts\vie_neu\train\vimd_haiphong\train\spk_15_0069\15_0093.wav,16.84199546485261,44100,2,0.960418701171875,0.07372348638655452,pass:duration_preference_outside_4_15s
train,spk_15_0069,15_0094.wav,"rồi thì nguyệt san tuần báo. Nhưng Đài thì với cái nhìn trang thiết bị của mình, là làm được thời trình. Thế cho nên là cái đáp ứng cái yêu cầu của người nghe rất là thuận lợi.",D:\hustmedia\python\tts\vie_neu\train\vimd_haiphong\train\spk_15_0069\15_0094.wav,17.167006802721087,44100,2,0.845306396484375,0.06836619683695373,pass:duration_preference_outside_4_15s
train,spk_15_0071,15_0096.wav,"Theo xu thế chung của cả nước, thì đài phát thanh và truyền hình Hải Phòng đã số hóa được tín hiệu truyền hình, đã sản xuất và phát sóng số ở định dạng HDTV, đã số hóa được kho tư liệu trước đây, được sự quan tâm của Ủy ban nhân dân thành phố, thì hạ tầng kỹ thuật phục vụ cho sản xuất và phát sóng chương trình của đài",D:\hustmedia\python\tts\vie_neu\train\vimd_haiphong\train\spk_15_0071\15_0096.wav,17.262993197278913,44100,2,0.45513916015625,0.06421391935928705,pass:duration_preference_outside_4_15s
train,spk_15_0071,15_0097.wav,thì đã được đầu tư qua dự án nâng cao năng lực năm hai nghìn không trăm mười tám. Với các trang thiết bị được đầu tư từ dự án thì đã làm thay đổi diện mạo và cơ sở hạ tầng kỹ thuật của đài. Được đánh giá là một trong năm đài truyền hình địa phương có hạ tầng kỹ thuật tốt nhất cả nước.,D:\hustmedia\python\tts\vie_neu\train\vimd_haiphong\train\spk_15_0071\15_0097.wav,14.499002267573696,44100,2,0.45147705078125,0.06326885352160622,pass
train,spk_15_0072,15_0098.wav,"một chín trăm bốn lăm thì ở thôn Dũng Vỉa chúng tôi là rất là khổ cực, nhân dân rất là khổ cực Trong khi đó thì đồn bốt Tây nó mọc lên như thế này ba lô cốt, cái đường tàu đường năm này là chuyên vận chuyển hàng hóa của Pháp Từ ở trên Hà Nội xuống Cảng",D:\hustmedia\python\tts\vie_neu\train\vimd_haiphong\train\spk_15_0072\15_0098.wav,19.61498866213152,44100,2,0.67681884765625,0.04223770762268964,pass:duration_preference_outside_4_15s
train,spk_15_0072,15_0099.wav,"dân quân du kích của địa phương, bộ đội của chính quy, là nổ mìn để ngăn chặn cái vận chuyển hàng hóa của của Pháp Quân Pháp xuống hải Phòng. nên là sau khi đó thì coi như là (nó bè nó cạn). Đời sống của nhân dân rất là khó khăn.",D:\hustmedia\python\tts\vie_neu\train\vimd_haiphong\train\spk_15_0072\15_0099.wav,19.409002267573698,44100,2,0.718170166015625,0.0348739916113458,pass:duration_preference_outside_4_15s
train,spk_15_0079,15_0106.wav,"Niềm vinh dự tự hào của thế hệ hôm nay là được kế thừa truyền thống vẻ vang của cha ông. Nhưng đó cũng là trách nhiệm lớn lao đặt ra cho chúng tôi. Đó là phải phát huy những giá trị truyền thống, những tiềm năng lợi thế còn rất lớn của tiên lãng về vị trí địa lý, về đất đai tài nguyên, về di sản văn hóa, về những sản vật đặc sắc và sự kết nối giao thương.",D:\hustmedia\python\tts\vie_neu\train\vimd_haiphong\train\spk_15_0079\15_0106.wav,22.7,44100,2,0.999969482421875,0.09577562544333941,"flag:duration_preference_outside_4_15s,possible_clipping"
train,spk_15_0079,15_0107.wav,"Để đưa tiên lãng trở thành một địa phương giàu mạnh và đời sống của từng người dân, của từng hộ dân được nâng lên. Để làm được điều đó thì đảng bộ, chính quyền, quân và dân huyện phải xác định, đoàn kết, đồng sức, đồng lòng, đổi mới, sáng tạo. Và đặc biệt là phải quyết liệt hơn nữa trong lãnh đạo, chỉ đạo, thực hiện các nhiệm vụ phát triển kinh tế xã hội của địa phương.",D:\hustmedia\python\tts\vie_neu\train\vimd_haiphong\train\spk_15_0079\15_0107.wav,24.463990929705215,44100,2,0.999969482421875,0.09795924864634364,"flag:duration_preference_outside_4_15s,possible_clipping"
train,spk_15_0081,15_0109.wav,chín mươi lăm phần trăm rồi. Đến hội thì sẽ là một trăm phần trăm quá trình chăm sóc trâu. Lễ hội thì cái cần quan tâm nhất là để cho trâu thân với người và gần với lại chống cờ để cho không bị hoang mang hoặc là phản ứng dữ dội khi mà tham gia vào lễ hội.,D:\hustmedia\python\tts\vie_neu\train\vimd_haiphong\train\spk_15_0081\15_0109.wav,18.955986394557822,44100,2,0.53167724609375,0.045102727211715356,pass:duration_preference_outside_4_15s
train,spk_15_0081,15_0110.wav,Đây là ông trâu số không ba. Đến thời điểm này thì tôi đã mua về đồ sơn được một năm. Đến lễ hội thì sẽ là mười ba tháng. Và đến thời điểm này thì về tập luyện và chăm sóc cũng đạt đến,D:\hustmedia\python\tts\vie_neu\train\vimd_haiphong\train\spk_15_0081\15_0110.wav,14.788979591836735,44100,2,0.476470947265625,0.04034219670288038,pass
train,spk_15_0091,15_0120.wav,Tháng tư năm hai nghìn không trăm hai hai thì Ban Quản lý được thành ủy giao là chúng ta đã tham mưu xây dựng một cái nghị quyết mới về phát triển khu cụm công nghiệp. Chúng tôi đã trình và được Ban Tổng bộ thành ủy giao một cái nghị quyết,D:\hustmedia\python\tts\vie_neu\train\vimd_haiphong\train\spk_15_0091\15_0120.wav,17.45498866213152,44100,2,0.906585693359375,0.06012039958634161,pass:duration_preference_outside_4_15s
train,spk_15_0091,15_0121.wav,"mới. Thì có thể nói đây cái nghị quyết này về cơ bản nó đã cập nhật và dự báo được cái xu hướng phát triển của chúng ta. Theo cái hướng tất cả những khu công nghiệp mới được thành lập về sau này, chúng ta sẽ áp dụng ngay những cái tiêu chuẩn của một khu công nghiệp sinh thái.",D:\hustmedia\python\tts\vie_neu\train\vimd_haiphong\train\spk_15_0091\15_0121.wav,18.563015873015875,44100,2,0.92535400390625,0.06670775058740695,pass:duration_preference_outside_4_15s
train,spk_15_0093,15_0123.wav,"Tất cả các thiết bị dùng ở cảng là các thiết bị thân thiện với môi trường, không có khí thải. Và như tôi đã khẳng định đây là một cảng thông minh và là cảng xanh. Về công nghệ thông tin thì chúng tôi sẽ lựa chọn một đơn vị cung cấp phần mềm ứng dụng, quản lý cảng hiện đại nhất thế giới. Và đến thời điểm này, tôi thì khẳng định luôn đó là phần mềm của Mỹ.",D:\hustmedia\python\tts\vie_neu\train\vimd_haiphong\train\spk_15_0093\15_0123.wav,19.429002267573697,44100,2,0.9056396484375,0.07992364066234747,pass:duration_preference_outside_4_15s
train,spk_15_0093,15_0124.wav,Chúng tôi đã sử dụng toàn bộ các cái nhà thầu có kinh nghiệm. Về tư vấn thì chúng tôi sử dụng tư vấn của Nhật Bản. Về thiết kế thì chúng tôi sử dụng các đơn vị thiết kế quốc tế. Và song song với đó thì chúng tôi lựa chọn các máy móc thiết bị. Thì đến thời điểm này chúng tôi đã xong về các máy móc thiết bị.,D:\hustmedia\python\tts\vie_neu\train\vimd_haiphong\train\spk_15_0093\15_0124.wav,15.721995464852608,44100,2,0.92431640625,0.07324687306993144,pass:duration_preference_outside_4_15s
train,spk_15_0094,15_0125.wav,"các quy định của pháp luật về xử lý vi phạm chính, khắc phục hậu quả Những hộ còn lại thì tiếp tục tuyên truyền vận động các hộ chấp hành Theo cái chỉ đạo của ủy ban nhân dân xã (lợi) và tổ công tác để làm sao trả lại được cái hành lang thoát lũ, hành lang đê điều theo đúng quy định của pháp luật",D:\hustmedia\python\tts\vie_neu\train\vimd_haiphong\train\spk_15_0094\15_0125.wav,19.93700680272109,44100,2,0.810546875,0.057907781986500165,pass:duration_preference_outside_4_15s
train,spk_15_0094,15_0126.wav,"để triển khai, rà soát và tiến hành xử lý các vi phạm trong hành lang đê điều và hành lang thoát lũ thì đã tiến hành quyết định thành lập tổ công tác để thực hiện nhiệm vụ cấp trên giao địa phương tiến hành xử lý các cái hộ là không chấp hành",D:\hustmedia\python\tts\vie_neu\train\vimd_haiphong\train\spk_15_0094\15_0126.wav,19.31,44100,2,0.618865966796875,0.05520803850510585,pass:duration_preference_outside_4_15s
train,spk_15_0097,15_0129.wav,"và đặc biệt là thực hiện cái chủ trương của đảng và nhà nước về xây dựng xã nông thôn mới kiểu mẫu. Đến nay đấy, đời sống vật chất và tinh thần của nhân dân đã từng bước nâng cao thì địa phương đang tập trung thực hiện các cái tiêu chí, mười chín tiêu chí xây dựng nông thôn mới nâng cao.",D:\hustmedia\python\tts\vie_neu\train\vimd_haiphong\train\spk_15_0097\15_0129.wav,16.853015873015874,44100,2,0.790679931640625,0.06687065032378775,pass:duration_preference_outside_4_15s
train,spk_15_0097,15_0130.wav,"Đảng bộ và nhân dân xã tân trào cũng luôn phát huy truyền thống quê hương cách mạng, anh hùng lực lượng vũ trang nhân dân. Đảng bộ và nhân dân tích cực tham gia lao động sản xuất, phát triển quê hương đất nước.",D:\hustmedia\python\tts\vie_neu\train\vimd_haiphong\train\spk_15_0097\15_0130.wav,16.38299319727891,44100,2,0.706573486328125,0.0553009019730324,pass:duration_preference_outside_4_15s
train,spk_15_0101,15_0134.wav,"Các cấp ủy, chính quyền, mặt trận tổ quốc, các tổ chức chính trị xã hội từ thành phố đến cơ sở và đông đảo nhân dân trong toàn thành phố Hải Phòng tiếp tục xác định phong trào toàn dân bảo vệ an ninh tổ quốc là một nhiệm vụ hết sức quan trọng của cả hệ thống chính trị và toàn thể nhân dân",D:\hustmedia\python\tts\vie_neu\train\vimd_haiphong\train\spk_15_0101\15_0134.wav,23.036984126984127,44100,2,0.606231689453125,0.055506281848396205,pass:duration_preference_outside_4_15s
train,spk_15_0101,15_0135.wav,"Tổ chức thực hiện nghiêm có hiệu quả các chủ trương của Đảng chính sách pháp luật của nhà nước, quy định hướng dẫn của Bộ Công an và của thành phố Hải Phòng về công tác đảm bảo an ninh trật tự và xây dựng phong trào bảo vệ an ninh tổ quốc, tăng cường sự lãnh đạo của Đảng đối với phong trào toàn dân bảo vệ an ninh tổ quốc trong tình hình mới",D:\hustmedia\python\tts\vie_neu\train\vimd_haiphong\train\spk_15_0101\15_0135.wav,24.403015873015875,44100,2,0.696533203125,0.05205300784403287,pass:duration_preference_outside_4_15s
train,spk_15_0101,15_0136.wav,"xây dựng thế trận an ninh nhân dân gắn với thế trận quốc phòng toàn dân vững chắc. đổi mới nội dung, hình thức, phương pháp xây dựng, phong trào Toàn dân Bảo vệ An ninh Tổ quốc và tổ chức Ngày hội Toàn dân Bảo vệ An ninh Tổ quốc thật sôi động, thiết thực và hiệu quả.",D:\hustmedia\python\tts\vie_neu\train\vimd_haiphong\train\spk_15_0101\15_0136.wav,21.670997732426304,44100,2,0.678863525390625,0.0538263900737464,pass:duration_preference_outside_4_15s
train,spk_15_0104,15_0139.wav,"Hiện nay chúng tôi đang chỉ đạo ban quản lý dự án và các đơn vị liên quan đẩy nhanh các thủ tục tiếp theo như mời thầu, thiết kế, kỹ thuật, lập dự toán và sẽ khẳng định phê duyệt trong tháng tám.",D:\hustmedia\python\tts\vie_neu\train\vimd_haiphong\train\spk_15_0104\15_0139.wav,19.29698412698413,44100,2,0.32208251953125,0.04386596270988873,pass:duration_preference_outside_4_15s
train,spk_15_0104,15_0140.wav,Thế vào tháng chín thì chúng tôi tháng chín tháng mười là thực hiện cái rà phá bom mìn khởi công vào dự kiến vào quý tư của năm hai nghìn không trăm hai ba. Cái này thực hiện theo đúng chỉ đạo của Thủ tướng chính phủ.,D:\hustmedia\python\tts\vie_neu\train\vimd_haiphong\train\spk_15_0104\15_0140.wav,15.53201814058957,44100,2,0.39117431640625,0.04057061086113752,pass:duration_preference_outside_4_15s
train,spk_15_0104,15_0141.wav,Liên quan đến đất quốc phòng để bàn giao cho thực hiện dự án thì nó cũng có những vướng mắc. Chính vì vậy chúng tôi đã đề nghị và thành phố đã quyết định phối hợp với các bộ ngành và đặc biệt là bộ quốc phòng để trình chính phủ. Đồng thuận cho việc bàn giao đất cho Hải Phòng và Hải Phòng bàn giao cho chúng tôi thì chúng tôi trong quý ba thì chúng tôi sẽ tiến hành việc khảo sát rà phá bom mìn để tiến hành cái khởi công.,D:\hustmedia\python\tts\vie_neu\train\vimd_haiphong\train\spk_15_0104\15_0141.wav,29.40138321995465,44100,2,0.604461669921875,0.05749427082062447,pass:duration_preference_outside_4_15s
train,spk_15_0111,15_0148.wav,"Ngành da giày thì tuy tăng trưởng nhanh nhưng sản xuất theo phương thức gia công là chủ yếu, khâu thiết kế còn yếu và chưa được thị trường nước ngoài chấp nhận với địa vị thương hiệu của Việt Nam. Đội ngũ lao động của ngành da giày phát triển nhanh nhưng còn thiếu lao động kỹ thuật được đào tạo chuyên sâu. trình độ công nghệ tuy đã được cải thiện nhưng vẫn thấp so với các quốc gia sản xuất ngành da giày trong khu vực. Các sản phẩm ngành da giày bước đầu đạt chất lượng quốc tế nhưng còn ít chủng loại",D:\hustmedia\python\tts\vie_neu\train\vimd_haiphong\train\spk_15_0111\15_0148.wav,22.082,32000,2,0.510223388671875,0.05133385936865673,pass:duration_preference_outside_4_15s
train,spk_15_0111,15_0149.wav,"mẫu mã còn nghèo nàn, chưa đáp ứng được nhu cầu của thế giới. Cơ sở hạ tầng phục vụ cho sản xuất và xuất khẩu của doanh nghiệp da giày đã được cải thiện, tuy nhiên vẫn còn nhiều bất cập và hạn chế.",D:\hustmedia\python\tts\vie_neu\train\vimd_haiphong\train\spk_15_0111\15_0149.wav,9.895,32000,2,0.532440185546875,0.046973462801728115,pass
train,spk_15_0113,15_0151.wav,"Hiện nay, ban tổ chức đã chọn được năm mẫu để vào vòng trong. Thế và chúng tôi cũng đã phát ra hơn hai nghìn phiếu để xin ý kiến mọi tầng lớp nhân dân. Đặc biệt, ban tổ chức xin ý kiến các đồng chí Lão Thành Cách Mạng, các đồng chí Nguyên, lãnh đạo thành phố, các câu lạc bộ như Công lạc bộ Bạch Đằng. Câu lạc bộ Trung Dũng quyết thắng và đặc biệt là mọi tầng lớp nhân dân",D:\hustmedia\python\tts\vie_neu\train\vimd_haiphong\train\spk_15_0113\15_0151.wav,22.397,32000,2,0.47894287109375,0.04587716512595747,pass:duration_preference_outside_4_15s
train,spk_15_0113,15_0152.wav,"chúng tôi sẽ tiếp thu lắng nghe các ý kiến và sẽ cùng với hội đồng nghệ thuật để làm sao lựa chọn ra một mẫu có số lượng bình chọn cao nhất để trình ra hội đồng nhân dân. Chỉ khi nào hội đồng nhân dân thành phố, nơi đại diện cho ý kiến và nguyện vọng của toàn thể cử tri thành phố, thông qua cái nghị quyết, tức là thông qua chọn cái mẫu đó, thì mẫu đó mới chính được là biểu tượng của thành phố Hải Phòng của chúng ta.",D:\hustmedia\python\tts\vie_neu\train\vimd_haiphong\train\spk_15_0113\15_0152.wav,26.714,32000,2,0.47955322265625,0.05432138335830562,pass:duration_preference_outside_4_15s
train,spk_15_0120,15_0159.wav,"nhất để cho người dân hiểu được tất cả những cái vai trò, ý nghĩa của cái việc thực hiện chương trình Nông Thôn Mới Kiểu Mẫu. Xã Học Thành là một trong những xã mà được huyện cũng như là thành phố đánh giá là đơn vị mà triển khai thành công các tuyến đường Nông thôn Mới Kiểu Mẫu cũng như các tiêu chí trong cái bộ tiêu chí Nông thôn Mới Kiểu Mẫu.",D:\hustmedia\python\tts\vie_neu\train\vimd_haiphong\train\spk_15_0120\15_0159.wav,17.86,32000,2,0.505157470703125,0.05318193671593682,pass:duration_preference_outside_4_15s
train,spk_15_0120,15_0160.wav,"Xã Học thành thì được thành phố đầu tư mười ba tuyến đường với tổng chiều dài hơn tám km trên phương châm tôn trọng, lắng nghe ý kiến của nhân dân và có sự trao đổi mang tính dân chủ công khai, minh bạch",D:\hustmedia\python\tts\vie_neu\train\vimd_haiphong\train\spk_15_0120\15_0160.wav,13.349,32000,2,0.49609375,0.04807435689952637,pass
train,spk_15_0130,15_0170.wav,chỉ tiêu tuyển sinh số lượng thì nó còn phụ thuộc vào nhiều yếu tố. Còn thách thức thì có một cái nó tôi cũng là người đi biển mà. Thì cái nghề này thì nó sẽ có những cái mà các em nó đi làm thì nó khác những cái khác là mình phải,D:\hustmedia\python\tts\vie_neu\train\vimd_haiphong\train\spk_15_0130\15_0170.wav,16.311,32000,2,0.45709228515625,0.040498292230948744,pass:duration_preference_outside_4_15s
train,spk_15_0130,15_0171.wav,khi phải xa nhà mà mình cần cái sự tôn trọng và xã hội. Thế đấy các công ty quản lý thuyền viên các Nguồn nhân sự mình có chính sách hỗ trợ để người ta yên tâm về đi công tác,D:\hustmedia\python\tts\vie_neu\train\vimd_haiphong\train\spk_15_0130\15_0171.wav,15.018,32000,2,0.50189208984375,0.023999591754692094,pass:duration_preference_outside_4_15s
train,spk_15_0135,15_0176.wav,Nghị quyết không bốn của hội đồng nhân dân thành phố là một nghị quyết rất là ưu việt và nhân văn và rất là thiết thực. cái mức hỗ trợ cho các cái đối tượng được thụ hưởng cao hơn so với nghị định một lẻ năm của Chính phủ. Đối với lại Ban Quản lý Kinh tế thì chúng tôi sẽ có,D:\hustmedia\python\tts\vie_neu\train\vimd_haiphong\train\spk_15_0135\15_0176.wav,17.195,32000,2,0.408355712890625,0.06579048403400171,pass:duration_preference_outside_4_15s
train,spk_15_0135,15_0177.wav,"cái kiến nghị để các khu công nghiệp cũng sẽ phối hợp và cùng vào cuộc với các ủy ban nhân dân, các quận huyện mà có khu công nghiệp trong cái việc về cấp cái giấy xác nhận cho công nhân để họ có thể được thụ hưởng nghị quyết một cách tốt nhất.",D:\hustmedia\python\tts\vie_neu\train\vimd_haiphong\train\spk_15_0135\15_0177.wav,18.533,32000,2,0.4508056640625,0.07892083196171677,pass:duration_preference_outside_4_15s
train,spk_15_0136,15_0178.wav,"Được Bộ Văn Hóa công nhận có một không hai Việt Nam, đó là Pho Tượng Đức Thánh Cả Linh Lang Đại Vương. Khi mở cửa ra, ngài đứng lên khép cửa vào, ngài ngồi xuống. Ngoài Pho Tượng Đức Thánh Cả Linh Lang ra thì Miếu Bảo Hà chúng tôi còn giữ được tất cả các cái tượng thờ mà cách đây hơn bảy trăm năm về trước.",D:\hustmedia\python\tts\vie_neu\train\vimd_haiphong\train\spk_15_0136\15_0178.wav,18.418,32000,2,0.999969482421875,0.08657078782061191,"flag:duration_preference_outside_4_15s,possible_clipping"
train,spk_15_0136,15_0179.wav,"Ở đây các cụ nghệ nhân làm sơn mài, điêu khắc và làm con rối, chế tác con rối cho nên các cụ đã thiết kế và chế tác pho tượng Đức Thánh Cả Có cái cơ chế hoạt động gần như là con rối nước hoặc rối cạn Cũng (rằng say) là nó cũng gọi là đòn bẩy và gọi là (dữ lực) nữa",D:\hustmedia\python\tts\vie_neu\train\vimd_haiphong\train\spk_15_0136\15_0179.wav,20.622,32000,2,1.0,0.0800247654263271,"flag:duration_preference_outside_4_15s,possible_clipping"
train,spk_15_0136,15_0180.wav,Xuất phát từ cái miếu Bảo Hà này rồi giữ gìn được cái nghề Điêu khắc Sơn Mạ Đục tượng Điêu khắc Sơn Mạ của quê hương,D:\hustmedia\python\tts\vie_neu\train\vimd_haiphong\train\spk_15_0136\15_0180.wav,12.226,32000,2,1.0,0.10293619363334534,flag:possible_clipping
train,spk_15_0146,15_0190.wav,"Chúng tôi cũng đã cố gắng rất là nhiều về vấn đề giao thông đặc biệt cái đường này nó rất là phức tạp. Nên là lưu lượng xe, ô tô rồi xe máy đi lại rất nhiều. Chúng tôi đã làm lập tám chốt đảm bảo giao thông xung quanh cái chỗ khu vực công trường. Thứ hai chúng tôi đã lắp đặt rất nhiều biển báo, biển chỉ dẫn, người hướng dẫn, rào chắn.",D:\hustmedia\python\tts\vie_neu\train\vimd_haiphong\train\spk_15_0146\15_0190.wav,21.128,32000,2,0.69482421875,0.041960360419908034,pass:duration_preference_outside_4_15s
train,spk_15_0146,15_0191.wav,"Xe máy lao vào cái đường xe công đi, mà đi ngược chiều. Xong rồi đi vào đường cấm. Chẳng may mà ngã vào đấy thì nó rất mệt mỏi. Cái thứ hai này, đường khi đang thi công rồi thì nó sẽ nhiều cái ổ gà, nó nhiều (mấm mô). Thì người dân đi vào sẽ xảy ra tai nạn.",D:\hustmedia\python\tts\vie_neu\train\vimd_haiphong\train\spk_15_0146\15_0191.wav,14.218,32000,2,0.8297119140625,0.046444056861305434,pass
train,spk_15_0146,15_0192.wav,Lưu lượng container và lượng xe ở cái nút rào này nó quá lớn Nên là cũng một phần ảnh hưởng rất lớn về cái an toàn Tới đây thì sẽ có hạng mục mà thi công (dầm hộp) Thì nó thi công trên cao và đúc trên các khối đà ráo thì phía nhà thầu cũng mong muốn là là phân luồng để giảm tải cái lượng xe container đi vào để đảm bảo cái chất lượng của cái công trình của mình,D:\hustmedia\python\tts\vie_neu\train\vimd_haiphong\train\spk_15_0146\15_0192.wav,28.438,32000,2,0.72039794921875,0.05429937799434034,pass:duration_preference_outside_4_15s
train,spk_15_0147,15_0193.wav,"Mặt trận Tổ quốc Việt Nam và các tổ chức chính trị làm nòng cốt để nhân dân làm chủ. Thế nhưng mà làm nòng cốt thì làm thế nào thì lại phải nghiên cứu tiếp. Chúng ta làm sao phải đưa vào văn kiện để làm sao làm đậm nét sâu sắc thêm vị trí, vị thế chính trị vai trò tầm quan trọng của Mặt trận Tổ quốc Việt Nam",D:\hustmedia\python\tts\vie_neu\train\vimd_haiphong\train\spk_15_0147\15_0193.wav,21.18,32000,2,1.0,0.06902352994212084,"flag:duration_preference_outside_4_15s,possible_clipping"
train,spk_15_0147,15_0194.wav,mà giải nghĩa cho rõ là tổ chức Liên minh Chính trị Liên hiệp tự nguyện và là cơ sở chính trị của chính quyền và để làm gì? để chúng ta phải là gì làm cho cả hệ thống chính trị hiểu sâu sắc về mặt trận tổ quốc Việt Nam phải rà soát lại tất cả các chủ trương đường lối của đảng,D:\hustmedia\python\tts\vie_neu\train\vimd_haiphong\train\spk_15_0147\15_0194.wav,21.511,32000,2,0.999969482421875,0.053819773684326916,"flag:duration_preference_outside_4_15s,possible_clipping"
train,spk_15_0147,15_0195.wav,"và các văn bản pháp luật của nhà nước để làm sao mà chúng ta củng cố thêm địa vị chính trị và địa vị pháp lý và ban hành các chủ trương mới và các văn bản pháp luật, nhất là luật giám sát của nhân dân",D:\hustmedia\python\tts\vie_neu\train\vimd_haiphong\train\spk_15_0147\15_0195.wav,17.87,32000,2,0.62384033203125,0.03838181193468703,pass:duration_preference_outside_4_15s
train,spk_15_0147,15_0196.wav,"Đúng là trong giai đoạn cách mạng hiện nay, nếu muốn khẳng định vị trí vai trò tầm quan trọng của mật trận Tổ quốc Việt Nam thì phải nâng cao chất lượng hoạt động giám sát phản biện xã hội của mặt trận Tổ quốc Việt Nam.",D:\hustmedia\python\tts\vie_neu\train\vimd_haiphong\train\spk_15_0147\15_0196.wav,11.866,32000,2,0.736236572265625,0.041363464486014107,pass
train,spk_15_0149,15_0198.wav,Trường Mầm Non Hồng Thái thực hiện theo kế hoạch của Ủy ban nhân dân huyện đón chuẩn giai đoạn hai. Về công tác chuẩn bị các điều kiện về cơ sở vật chất thì đến nay chúng tôi đã có đủ mười bốn phòng học.,D:\hustmedia\python\tts\vie_neu\train\vimd_haiphong\train\spk_15_0149\15_0198.wav,13.024,32000,2,0.475372314453125,0.06428158575391268,pass
train,spk_15_0149,15_0199.wav,"để đón nhận các cháu trong độ tuổi mầm non trên địa bàn ra lớp. Các phòng học đảm bảo đồ dùng đồ chơi trang thiết bị. Nhà trường cũng có đủ các phòng chức năng, phòng hiệu bộ. Bếp ăn cũng đã được xây dựng mới từ năm hai nghìn hai mốt đến nay nên các điều kiện về cơ sở vật chất đều đã đảm bảo đủ các điều kiện của công tác xây dựng chuẩn hai",D:\hustmedia\python\tts\vie_neu\train\vimd_haiphong\train\spk_15_0149\15_0199.wav,21.659,32000,2,0.57861328125,0.0722838746044595,pass:duration_preference_outside_4_15s
train,spk_15_0152,15_0202.wav,"rất là hài lòng và cũng biết ơn đảng, chính quyền cũng như thành phố đã quan tâm đến người dân. Và cũng qua đây thì mong muốn làm sao thành phố cũng như là nhà nước quan tâm hơn nữa đến đời sống của nhân dân và có nhiều cái nghị quyết thông thoáng hơn và sát thực hơn với người dân để đưa nền kinh tế cho nhân dân chúng tôi được nâng cao hơn một bước nữa.",D:\hustmedia\python\tts\vie_neu\train\vimd_haiphong\train\spk_15_0152\15_0202.wav,23.524,32000,2,0.7574462890625,0.07422168939190692,pass:duration_preference_outside_4_15s
train,spk_15_0152,15_0203.wav,"Nông thôn quê hương tôi là sang trang, sạch đẹp và nhân dân rất phấn khởi. Đường điện, đường trường trạm được rất là sang trang. Cá nhân tôi là một người dân thì tôi cũng thấy là",D:\hustmedia\python\tts\vie_neu\train\vimd_haiphong\train\spk_15_0152\15_0203.wav,15.869,32000,2,0.71112060546875,0.0623238734298794,pass:duration_preference_outside_4_15s
train,spk_15_0166,15_0217.wav,"Những cái sưu tập và có những cái hiện vật đó để đưa về. Tuy con người đã mãi mãi nằm với lại non sông đất nước, nhưng cái hiện vật đó thì nó vẫn còn mãi mãi với cuộc sống và với thời gian để giúp cho sau này các thế hệ trẻ. Trên mười còn thêm tiếp mất tám mốt phần trăm",D:\hustmedia\python\tts\vie_neu\train\vimd_haiphong\train\spk_15_0166\15_0217.wav,20.80498866213152,44100,2,0.475799560546875,0.040802379997288155,pass:duration_preference_outside_4_15s
train,spk_15_0166,15_0218.wav,"nhưng với quyết tâm với cái tinh thần là làm phấn đấu hết mình vì sự nghiệp và công tác để cho nó hoàn thành tốt nhiệm vụ. Đặc biệt là khi nào mà còn sức là còn lao động, còn chiến đấu để xây dựng đất nước ta ngày đàng hoàng hơn, to đẹp hơn như lời bác Hồ mong muốn.",D:\hustmedia\python\tts\vie_neu\train\vimd_haiphong\train\spk_15_0166\15_0218.wav,23.099002267573695,44100,2,0.578582763671875,0.047402928167606315,pass:duration_preference_outside_4_15s
train,spk_15_0167,15_0219.wav,"không những ở vùng hàm mặt, ở những vùng khác. Và cũng là một bệnh khó, chúng tôi đang nhờ các quỹ bảo trợ Họ sẽ cung cấp những bệnh nhân như này để chúng tôi sẽ tiến hành những ca kế tiếp và theo mục đích hoàn toàn nhân đạo.",D:\hustmedia\python\tts\vie_neu\train\vimd_haiphong\train\spk_15_0167\15_0219.wav,14.566009070294784,44100,2,0.775115966796875,0.06764394154263788,pass
train,spk_15_0167,15_0220.wav,"Tiếp theo ca này, bệnh viện chúng tôi xây dựng một cái trung tâm sinh học phân tử làm sao phục vụ cho tốt cho các công tác chẩn đoán và điều trị những bệnh về ung thư, những bệnh về miễn dịch. Chúng tôi đang chuẩn bị nhân lực để mổ bằng robot những ca bệnh liên quan (ưu biếu) mà phức tạp như thế này",D:\hustmedia\python\tts\vie_neu\train\vimd_haiphong\train\spk_15_0167\15_0220.wav,17.635986394557822,44100,2,1.0,0.09614398678221811,"flag:duration_preference_outside_4_15s,possible_clipping"
train,spk_15_0169,15_0222.wav,"Qua quá trình làm bánh đa thì cũng phải lựa chọn cái gạo là phải ngon, trắng.",D:\hustmedia\python\tts\vie_neu\train\vimd_haiphong\train\spk_15_0169\15_0222.wav,4.99,44100,2,0.52911376953125,0.07432445728137217,pass
train,spk_15_0169,15_0223.wav,Làm sao mà cái hơi nó phải đủ. Cái độ hơi thì bánh nó mới dền.,D:\hustmedia\python\tts\vie_neu\train\vimd_haiphong\train\spk_15_0169\15_0223.wav,4.168004535147392,44100,2,0.585296630859375,0.0985786506453192,pass
train,spk_15_0169,15_0224.wav,Một ngày nhà tôi làm được bốn tạ gạo thì là được năm tạ bánh.,D:\hustmedia\python\tts\vie_neu\train\vimd_haiphong\train\spk_15_0169\15_0224.wav,3.1409977324263036,44100,2,0.658050537109375,0.10468326460398221,pass:duration_preference_outside_4_15s
train,spk_15_0169,15_0225.wav,"Từ trước bây giờ thì nói chung là nổi tiếng bánh đa của làng Đông Xá chúng tôi. Bánh đa ở đây làm nó cũng ngon, bánh nó cũng được dai, mà nó quánh bánh chứ nó không bị ái. Từ Hà Nội, Nam Định, Quảng Ninh là cũng về đến đây để đặt bánh.",D:\hustmedia\python\tts\vie_neu\train\vimd_haiphong\train\spk_15_0169\15_0225.wav,13.442993197278911,44100,2,0.64263916015625,0.08673811097140177,pass
train,spk_15_0169,15_0226.wav,"Thì làng nghề truyền thống của làng từ thời xưa cổ, các cụ từ xưa đến giờ, nói chung nó yêu nghề. Mình cũng muốn thế là làm thôi.",D:\hustmedia\python\tts\vie_neu\train\vimd_haiphong\train\spk_15_0169\15_0226.wav,8.541020408163265,44100,2,0.59539794921875,0.0873752157637725,pass
train,spk_15_0175,15_0232.wav, và Cũng đang bám sát cái tiến độ nhưng tuy nhiên là có một số cái khó khăn vướng mắc về cái mặt bằng. Nhà thầu cũng kiến nghị với chủ đầu tư và Ủy ban nhân dân huyện An Dương làm sao thúc đẩy nhanh về cái công tác giải phóng mặt bằng để nhà thầu đáp ứng được cái tiến độ.,D:\hustmedia\python\tts\vie_neu\train\vimd_haiphong\train\spk_15_0175\15_0232.wav,17.171020408163265,44100,2,0.99298095703125,0.07666631540230086,pass:duration_preference_outside_4_15s
train,spk_15_0175,15_0233.wav,"Nhà thầu đã huy động tất cả máy móc, thiết bị, đồng loạt, ba mũi thi công của ba đơn vị nhà thầu trong Luận Danh và đầy đủ một trăm phần trăm nhân lực để đáp ứng được cái tiến độ sản lượng nó khoảng hơn hai mươi phần trăm",D:\hustmedia\python\tts\vie_neu\train\vimd_haiphong\train\spk_15_0175\15_0233.wav,16.759002267573695,44100,2,0.899322509765625,0.06718915601840805,pass:duration_preference_outside_4_15s
train,spk_15_0176,15_0234.wav,"U này đấy là U mổ lần thứ ba, do đó là nó đã xâm lấn, nó chèn ép lên tất cả các cơ quan quý ở trên cơ thể. Ví dụ như là vùng mắt, vùng xoang (sàng) hàm, rồi thì thậm chí lên trên nền sọ, xâm lấn sang bên mũi, mất toàn bộ cái vòm và toàn bộ cái xương hàm trên bị phá hủy.",D:\hustmedia\python\tts\vie_neu\train\vimd_haiphong\train\spk_15_0176\15_0234.wav,20.9,44100,2,0.65008544921875,0.07504830915560756,pass:duration_preference_outside_4_15s
train,spk_15_0176,15_0235.wav,"Sau khi tiến hành hội chẩn trực tiếp giám đốc chỉ đạo thì chúng tôi đã tiến hành phẫu thuật cho bệnh nhân. Miếng Tintometer này là một trong những lần đầu tiên được sử dụng để tái tạng, làm cho khuôn mặt người ta không bị méo mó, xộc xệch sau mổ.",D:\hustmedia\python\tts\vie_neu\train\vimd_haiphong\train\spk_15_0176\15_0235.wav,16.533990929705215,44100,2,0.910064697265625,0.07841056845818932,pass:duration_preference_outside_4_15s
train,spk_15_0182,15_0248.wav,Về lý do mà em chọn cái phương thức xét học bạ thì cũng khá đơn giản tại vì điểm số của em cũng khá ổn ở trường. Cộng thêm với việc là em cũng đang theo học tại trường chuyên thì với một số trường đại học thì sẽ được cộng thêm điểm khuyến khích. Và em đã nghĩ là với một lợi thế như thế thì tại sao mình lại không tận dụng.,D:\hustmedia\python\tts\vie_neu\train\vimd_haiphong\train\spk_15_0182\15_0248.wav,16.16111111111111,44100,2,0.2523193359375,0.040824923642735926,pass:duration_preference_outside_4_15s
train,spk_15_0182,15_0249.wav,Với việc xét tuyển vào trường thì có rất là nhiều cơ hội để mà chọn được cái môi trường mà mình mong muốn. Cũng như là không bị áp lực tâm lý khi mà đi thi.,D:\hustmedia\python\tts\vie_neu\train\vimd_haiphong\train\spk_15_0182\15_0249.wav,9.624625850340136,44100,2,0.234771728515625,0.04812810019703683,pass
valid,spk_15_0181,15_0240.wav,"Luật nhà ở năm hai không mười bốn đã quy định cụ thể về đối tượng và điều kiện được mua hoặc thuê mua nhà ở xã hội thì có thể tóm gọi là bảy cái nhóm đối tượng sau. Thứ nhất là người có công với cách mạng, người thu nhập thấp, hộ nghèo, hộ cận nghèo tại khu vực đô thị, người lao động đang làm việc tại các doanh nghiệp và trong khu công nghiệp",D:\hustmedia\python\tts\vie_neu\train\vimd_haiphong\valid\spk_15_0181\15_0240.wav,21.017006802721088,44100,2,0.488739013671875,0.04169329739680066,pass:duration_preference_outside_4_15s
valid,spk_15_0181,15_0241.wav,"sĩ quan, hạ sĩ quan, chuyên môn kỹ thuật, quân nhân trong các cơ quan đơn vị của khối an ninh và quốc phòng, Các đối tượng mà đã trả lại nhà công vụ rồi hộ gia đình cá nhân thuộc diện bị thu hồi đất và phải giải tỏa, phá dỡ nhưng chưa được nhà nước bồi thường hoặc bố trí bằng nhà ở, đất ở thì có điều kiện để mua nhà xã hội",D:\hustmedia\python\tts\vie_neu\train\vimd_haiphong\valid\spk_15_0181\15_0241.wav,25.11498866213152,44100,2,0.547393798828125,0.04293126806893471,pass:duration_preference_outside_4_15s
valid,spk_15_0181,15_0242.wav,"Và các đối tượng này đã được quy định rất rõ ràng trong luật Do vậy là những đối tượng nào nằm ngoài phạm vi này thì đều không phải là đối tượng được xem xét, xét duyệt mua nhà ở xã hội",D:\hustmedia\python\tts\vie_neu\train\vimd_haiphong\valid\spk_15_0181\15_0242.wav,11.57,44100,2,0.594451904296875,0.04458803803576071,pass
valid,spk_15_0181,15_0243.wav,Nghị định một trăm của Chính phủ cũng quy định rất rõ về quy trình xây dựng giá bán nhà ở xã hội. Các chủ đầu tư xây dựng nhà ở xã hội sẽ xây dựng cái giá bán dựa trên những chi phí của họ và những lãi định mức được nhà nước quy định. Sau đó thì họ trình ủy ban nhân dân thành phố và ủy ban nhân dân thành phố sẽ giao cho cơ quan có thẩm quyền Cụ thể ở đây là sở xây dựng,D:\hustmedia\python\tts\vie_neu\train\vimd_haiphong\valid\spk_15_0181\15_0243.wav,24.32,44100,2,0.6783447265625,0.052176937787591755,pass:duration_preference_outside_4_15s
valid,spk_15_0181,15_0244.wav,để kiểm tra thẩm tra thẩm định giá bán nhà ở xã hội Sau khi sở xây dựng thẩm định thẩm tra giá bán thì sẽ lại báo cáo ủy ban nhân dân thành phố và thông báo lại cho chủ đầu tư là giá bán nhà ở xã hội tại dự án này sẽ là giá bao nhiêu theo đúng quy định pháp luật,D:\hustmedia\python\tts\vie_neu\train\vimd_haiphong\valid\spk_15_0181\15_0244.wav,17.413015873015873,44100,2,0.736602783203125,0.050602373192650756,pass:duration_preference_outside_4_15s
valid,spk_15_0181,15_0245.wav,Sau tất cả các quy trình đó thì nhà đầu tư sẽ công bố giá bán nhà ở xã hội và các đối tượng được hưởng những chính sách của nhà ở xã hội sẽ đăng ký mua theo những giá bán đã công bố.,D:\hustmedia\python\tts\vie_neu\train\vimd_haiphong\valid\spk_15_0181\15_0245.wav,13.306009070294785,44100,2,0.827911376953125,0.058061785666467323,pass
valid,spk_15_0181,15_0246.wav,giá nhà ở xã hội các dự án nhà ở xã hội tiến độ thực hiện đến đâu để tránh những tình trạng thông tin tràn lan thất thiệt và tạo điều kiện cho những đối tượng trục lợi từ những chính sách ưu đãi về nhà ở xã hội của thành phố cũng như của nhà nước.,D:\hustmedia\python\tts\vie_neu\train\vimd_haiphong\valid\spk_15_0181\15_0246.wav,16.04498866213152,44100,2,0.6962890625,0.05568298428154089,pass:duration_preference_outside_4_15s
valid,spk_15_0181,15_0247.wav,",Hiện nay tất cả các thông tin về nhà ở xã hội trên địa bàn thành phố Hải Phòng đã được chúng tôi công khai trên website của Sở xây dựng có địa chỉ như sau soxaydung.haiphong.gov.vn để có thông tin chính xác về đối tượng được mua nhà ở xã hội",D:\hustmedia\python\tts\vie_neu\train\vimd_haiphong\valid\spk_15_0181\15_0247.wav,17.18798185941043,44100,2,0.54327392578125,0.05221413365684081,pass:duration_preference_outside_4_15s
valid,spk_15_0185,15_0252.wav,"Thứ ba nữa là đánh giá, phân tích Tờ khai tháng quý để làm sao kịp thời đôn đốc những số phát sinh vào ngân sách nhà nước, làm tốt công tác thanh tra kiểm tra, làm tốt công tác quản lý nợ, cưỡng chế nợ thuế. Cương quyết là sẽ xử lý, cưỡng chế những trường hợp nợ lớn để nộp vào ngân sách nhà nước.",D:\hustmedia\python\tts\vie_neu\train\vimd_haiphong\valid\spk_15_0185\15_0252.wav,23.362,32000,2,0.8992919921875,0.07742308367412204,pass:duration_preference_outside_4_15s
valid,spk_15_0185,15_0253.wav,"cũng đã đề ra các giải pháp thứ nhất là sẽ tiếp tục tham mưu cho quận ủy, ủy ban nhân dân hai quận về công tác đấu giá đất để kịp thời có nguồn thu thuộc sử dụng tiền đất. Thứ hai nữa là duy trì hai đoàn công tác của các quận để làm công tác thu nợ đầu đối với tiền thuê đất. ",D:\hustmedia\python\tts\vie_neu\train\vimd_haiphong\valid\spk_15_0185\15_0253.wav,21.69,32000,2,0.764312744140625,0.06416192886946306,pass:duration_preference_outside_4_15s
valid,spk_15_0190,15_0258.wav,Cục thuế Thành phố Hải Phòng tăng cường công tác tuyên truyền đến người nộp thuế và hướng dẫn người nộp thuế phát hiện những hành vi mà người nộp thuế có dấu hiệu sử dụng không hợp pháp hóa đơn và gian lận trong việc sử dụng hóa đơn điện tử. Cục thuế Thành phố Hải Phòng cũng có gửi văn bản rồi là thư ngỏ đến tất cả người nộp thuế. Cục thuế Thành phố Hải Phòng là tăng cường cái tổ kiểm soát quản lý rủi ro trong sử dụng hóa đơn điện tử,D:\hustmedia\python\tts\vie_neu\train\vimd_haiphong\valid\spk_15_0190\15_0258.wav,29.895,32000,2,0.60552978515625,0.06003770038384949,pass:duration_preference_outside_4_15s
valid,spk_15_0190,15_0259.wav,"để thường xuyên kiểm tra, tra cứu trên hệ thống sử dụng hóa đơn điện tử nhằm phát hiện và ngăn chặn kịp thời những người nộp thuế có dấu hiệu mà rủi ro về hóa đơn và về thuế Trường hợp phát hiện của thuế thành phố Hải Phòng sẽ làm biện pháp rất mạnh đó là mời người nộp thuế lên cơ quan thuế",D:\hustmedia\python\tts\vie_neu\train\vimd_haiphong\valid\spk_15_0190\15_0259.wav,22.179,32000,2,0.535675048828125,0.06432448539995989,pass:duration_preference_outside_4_15s
valid,spk_15_0190,15_0260.wav,"hoặc cung cấp bổ sung hồ sơ giải trình thông tin tài liệu liên quan đến việc xác định nghĩa vụ thuế phải nộp. Trường hợp người nộp thuế có dấu hiệu cố tình trốn tránh, vi phạm, cơ quan thuế sẽ thực hiện ban hành quyết định thanh tra kiểm tra để yêu cầu người nộp thuế thực hiện đúng theo quy định của pháp luật.",D:\hustmedia\python\tts\vie_neu\train\vimd_haiphong\valid\spk_15_0190\15_0260.wav,18.297,32000,2,0.523193359375,0.058271319646588104,pass:duration_preference_outside_4_15s
valid,spk_15_0202,15_0273.wav,"(Năm 19) có đề nghị hình thành thêm một cái khu kinh tế ven biển Nam Hải Phòng, về chủ trương thì chúng tôi cũng ủng hộ. Nhưng mà cũng phải lấy đánh giá thực tiễn, đánh giá kết quả mà chúng ta thực hiện khu kinh tế (đang đình vũ) khách hàng, trong cái giai đoạn vừa qua thế nào, và bây giờ cái nhu cầu",D:\hustmedia\python\tts\vie_neu\train\vimd_haiphong\valid\spk_15_0202\15_0273.wav,21.749002267573697,44100,2,0.777130126953125,0.06737294332128889,pass:duration_preference_outside_4_15s
valid,spk_15_0202,15_0274.wav,"nó như thế nào để chúng ta hình thành một khu kinh tế mới. Chưa nói đến là các điều kiện tiêu chí trong cái nghị định ba lăm đã quy định thì sự cần thiết và cái khả thi của nó đến đâu thì người ta cần phải làm rõ. Nhưng về nguyên tắc thì chúng ta cũng ủng hộ là đối với Hải Phòng cũng nên có cái để mở một cái hình thành, một cái khu kinh tế mới tạo một cái động lực mới cho Hải Phòng.",D:\hustmedia\python\tts\vie_neu\train\vimd_haiphong\valid\spk_15_0202\15_0274.wav,26.118004535147392,44100,2,0.904632568359375,0.04840021986831377,pass:duration_preference_outside_4_15s

