split,speakerID,filename,text,gender,local_path,duration_sec,sample_rate,channels,peak,rms,qc_status,qc_note
test,spk_37_0224,37_0300.wav,Cũng chia sẻ thật là tôi cũng có một đứa cháu ruột Hiện tại cũng đang học cùng lớp với con gái của tôi Nhưng bạn cháu ruột của tôi thì có học lực nó chỉ ở mức độ trung bình thôi.,0,data/dataset_nghean\test\spk_37_0224\37_0300.wav,10.398,48000,2,0.964996337890625,0.11437495052814484,pass,
test,spk_37_0249,37_0330.wav,"Đây là cái xu hướng tất yếu và phù hợp với cái xu thế là phát triển của kinh tế thị trường và tốc độ phát triển kinh tế xã hội của tỉnh nghệ an các địa phương để rà soát, xây dựng các quy hoạch định hướng phát triển hệ thống hạ tầng thương mại dịch vụ.",1,data/dataset_nghean\test\spk_37_0249\37_0330.wav,17.835,48000,2,0.965850830078125,0.09547992795705795,pass,duration_outside_4_15s
test,spk_37_0259,37_0341.wav,"Hiện tại thì Yên Thành cũng đã ưu tiên thu hút một số các cái nhà đầu tư, các đô thị hiện đại, cùng với các cái khu dân cư, nông thôn tập trung ở các trung tâm kinh tế của xã. ",1,data/dataset_nghean\test\spk_37_0259\37_0341.wav,13.417,48000,2,0.942718505859375,0.07722625881433487,pass,
test,spk_37_0262,37_0345.wav,Cái khu nam sông Vinh được quy hoạch thành khu vực đô thị vừa khu sinh thái. Thể hiện sự dung hòa giữa hai ý kiến. Mức độ yêu cầu phát triển thành phố và hai là mức độ môi trường sinh thái cho thành phố.,1,data/dataset_nghean\test\spk_37_0262\37_0345.wav,13.793,48000,2,0.74554443359375,0.08763296902179718,pass,
test,spk_37_0267,37_0351.wav,hai mươi sáu cái chợ này là đều là rất lợi thế về thương mại do đó là phải nâng cao cơ sở vật chất để đáp ứng cái nhu cầu kinh doanh của các hộ tiểu thương Thứ hai nữa là sẽ cụ thể hóa.,1,data/dataset_nghean\test\spk_37_0267\37_0351.wav,13.389,48000,2,0.8084716796875,0.06266152113676071,pass,
test,spk_37_0269,37_0354.wav,"Trong năm hai nghìn không trăm mười chín ấy, Yên Thành được ủy ban Nhân dân tỉnh phê duyệt hai quy hoạch lớn đó là quy hoạch vùng huyện và quy hoạch nông nghiệp huyện.",1,data/dataset_nghean\test\spk_37_0269\37_0354.wav,8.999,48000,2,0.75360107421875,0.07022645324468613,pass,
test,spk_37_0270,37_0356.wav,Quy hoạch tỉnh là một cái nhiệm vụ rất là đặc biệt quan trọng Và được xác định là nhiệm vụ số một trong những chương trình hành động thực hiện nghị quyết mười chín của Đại hội tỉnh đảng bộ. Tỉnh Ủy ban là chỉ đạo sở đầu tư tiến hành các cái nội dung cần thiết Để mà xây dựng cái đề cương và cũng như là phê duyệt cái đề cương Để trình cấp cầu thẩm quyền phê duyệt.,1,data/dataset_nghean\test\spk_37_0270\37_0356.wav,18.652,48000,2,0.806060791015625,0.08891964703798294,pass,duration_outside_4_15s
test,spk_37_0275,37_0362.wav,"Thành phố cũng muốn tạo ra một cái điểm văn hóa để cho người dân vui chơi, vui Tết đón xuân. Trong khi mọi cái hoạt động lễ hội khác chúng ta vì công tác phòng chống dịch nên tạm dừng cho đến hết tháng ba.",0,data/dataset_nghean\test\spk_37_0275\37_0362.wav,13.277,48000,2,0.580322265625,0.0844080001115799,pass,
train,spk_37_0006,37_0006.wav,"Phòng văn hóa thông tin chúng tôi đã tham mưu ủy ban nhân dân thị xã Cửa Lò. Trong cái quy hoạch thì dành những cái quỹ đất ban hành các cái chủ trương chính sách, khuyến khích các cái nhà đầu tư, đầu tư vào các cái khu vui chơi giải trí dành cho trẻ em..",1,data/dataset_nghean\train\spk_37_0006\37_0006.wav,16.101995464852607,44100,2,0.562164306640625,0.0842757448554039,pass,duration_outside_4_15s
train,spk_37_0006,37_0007.wav,"Và đặc biệt trong quy hoạch ở khu vực phía đông đường Bình Minh, khu Lâm Viên bãi tắm ấy. Ngoài những cái không gian dành cho các nhà hàng, khách sạn, câu lạc bộ biển thì chúng tôi rất quan tâm đến vấn đề dành cái không gian và cái khoản đầu tư để xây dựng cái khu vui chơi giải trí dành cho trẻ em",1,data/dataset_nghean\train\spk_37_0006\37_0007.wav,21.070997732426303,44100,2,0.545745849609375,0.08108214288949966,pass,duration_outside_4_15s
train,spk_37_0008,37_0009.wav,Khi các trung tâm thẩm mỹ viện mà xảy ra các sự cố mà mình tham khảo trên thị trường thì mình cũng rất là lo lắng.,0,data/dataset_nghean\train\spk_37_0008\37_0009.wav,9.086009070294784,44100,2,0.980682373046875,0.2827744781970978,pass,
train,spk_37_0008,37_0010.wav,Khi mà chọn những cái địa điểm để mà làm đẹp thì cái yếu tố quan trọng nhất đó là phải an toàn,0,data/dataset_nghean\train\spk_37_0008\37_0010.wav,9.621020408163265,44100,2,1.0,0.2628082036972046,flag:possible_clipping,possible_clipping
train,spk_37_0010,37_0013.wav,Ngành thẩm mỹ là một ngành rất là đặc thù. thì Để hoạt động một cơ sở thì bắt buộc là bác sĩ phải tuân thủ những quy định của pháp luật hiện hành. thì Đối với cơ sở Tân Trà chúng tôi tuân thủ những quy định của pháp luật cũng giống như là quy định của bên y tế..,1,data/dataset_nghean\train\spk_37_0010\37_0013.wav,19.91299319727891,44100,2,1.0,0.22085131704807281,"flag:duration_outside_4_15s,possible_clipping","duration_outside_4_15s,possible_clipping"
train,spk_37_0010,37_0014.wav,Những cái trường hợp nào không được phép hoạt động và những trường hợp nào không được phép thực hiện tại cơ sở thì chúng tôi đều tuân thủ những quy định của pháp luật,1,data/dataset_nghean\train\spk_37_0010\37_0014.wav,10.838004535147393,44100,2,0.9907073974609375,0.2730553150177002,pass,
train,spk_37_0012,37_0016.wav,"Hiện nay trên địa bàn thành phố Vinh thì các cơ sở hoạt động dịch vụ thẩm mỹ và làm đẹp rất là nhiều. Đặc biệt là những năm gần đây thì rất là nhiều những cơ sở mới có chủ từ Hà Nội, Sài Gòn về mở các dịch vụ ở thành phố Vinh. Cũng vì vậy nên công tác quản lý của các cơ sở dịch vụ thẩm mỹ cũng gặp một số khó khăn nhất định vì chủ người ta mở nhưng không có mặt tại địa bàn",0,data/dataset_nghean\train\spk_37_0012\37_0016.wav,29.0,44100,2,0.999969482421875,0.24879257380962372,"flag:duration_outside_4_15s,possible_clipping","duration_outside_4_15s,possible_clipping"
train,spk_37_0012,37_0017.wav,"Số kiểm tra, số cơ sở được kiểm tra và số tiền như vậy thì cũng đang còn rất là ít so với các cơ sở dịch vụ thẩm mỹ trên địa bàn. Trong thời gian tới chúng tôi sẽ tăng cường hơn nữa về công tác kiểm tra về các cơ sở dịch vụ thẩm mỹ trên địa bàn, đặc biệt là kiểm tra đột xuất trong giờ và ngoài giờ. Vì các cơ sở dịch vụ này chủ yếu là hoạt động vào ngoài giờ, thứ Bảy và Chủ Nhật. Và khi phát hiện ra vi phạm thì sẽ xử lý triệt để.",0,data/dataset_nghean\train\spk_37_0012\37_0017.wav,25.6,44100,2,0.9781494140625,0.191644087433815,pass,duration_outside_4_15s
train,spk_37_0015,37_0020.wav,"Song song với quá trình đầu tư xây dựng cơ sở hạ tầng, cũng như xây dựng khu Lâm Viên thì thị xã Cửa Lò cũng ưu tiên để thu hút đầu tư xây dựng các khu bất động sản, du lịch nghỉ dưỡng đẳng cấp nhằm để tăng sức cạnh tranh với các khu du lịch khác trên cả nước.",1,data/dataset_nghean\train\spk_37_0015\37_0020.wav,15.428979591836734,44100,2,0.999969482421875,0.200941264629364,"flag:duration_outside_4_15s,possible_clipping","duration_outside_4_15s,possible_clipping"
train,spk_37_0015,37_0021.wav,"và đồng thời là tạo sự kết nối trong không gian du lịch Thành phố Vinh và Cửa Lò. Dự án Aqua Pearl City thì nằm ở vị trí rất là thuận lợi, đối với dự án này thì thị xã rất là kỳ vọng và trong cái dự án này có rất nhiều căn biệt thự nghỉ dưỡng đảm bảo, đẳng cấp, cũng như là sẽ đầu tư xây dựng một tòa nhà khách sạn quy mô. Khi dự án hoàn thành thì đây sẽ là một điểm nhấn về du lịch lớn cho Cửa Lò",1,data/dataset_nghean\train\spk_37_0015\37_0021.wav,26.345986394557823,44100,2,0.999969482421875,0.21130716800689697,"flag:duration_outside_4_15s,possible_clipping","duration_outside_4_15s,possible_clipping"
train,spk_37_0017,37_0023.wav,"Trong thời gian qua thì phường cũng triển khai có ba cái giải pháp sau. Thứ nhất là công tác tuyên truyền, các người lang thang cơ nhỡ, các người thân của những người lang thang cơ nhỡ đấy Về các cái chế độ, chính sách về an sinh xã hội Khi mà chúng tôi nắm bắt được thông tin về cả cái đối tượng này thì chúng tôi cũng sẽ chỉ đạo bộ phần công an Rồi tư pháp, rồi lao động thương binh và xã hội, rồi y tế.",1,data/dataset_nghean\train\spk_37_0017\37_0023.wav,29.23199546485261,44100,2,0.985931396484375,0.1681300550699234,pass,duration_outside_4_15s
train,spk_37_0017,37_0024.wav,"Trước mắt đưa đối tượng đấy về trạm địa phương để chăm sóc, xác minh hoàn cảnh đối tượng, tìm hiểu nhân thân Nếu mà những đối tượng đấy có hoàn cảnh thật, đối tượng thật thì chúng tôi sẽ tiến hành làm thủ tục để đưa họ vào trung tâm bảo trợ xã hội tỉnh",1,data/dataset_nghean\train\spk_37_0017\37_0024.wav,16.831020408163266,44100,2,0.997039794921875,0.21830178797245026,pass,duration_outside_4_15s
train,spk_37_0018,37_0025.wav,"Thì đây là đặc thù của cái đối tượng xin ăn Nên cho nên là nó thường xuất hiện nó không đồng đều Thì khi các đối tượng đến ở trên địa bàn á Thì chúng tôi giao cho lực lượng chuyên trách, lực lượng chuyên môn sẽ trực tiếp đến ở cái địa điểm mà có người xin ăn cơ nhỡ.",1,data/dataset_nghean\train\spk_37_0018\37_0025.wav,14.470997732426303,44100,2,1.0,0.23218145966529846,flag:possible_clipping,possible_clipping
train,spk_37_0018,37_0026.wav,"Để thực hiện cái việc thăm dò các cái thông tin cá nhân Một số trường hợp đã mời về Ủy ban phường Lập biên bản Giao trách nhiệm Nó không được cái hành nghề chúng tôi cũng đã tổ chức để đưa một số người mà họ có thể là trao đổi được về địa chỉ, họ cung cấp được địa chỉ thông tin của nơi ở liên hệ rồi để bàn giao cho các đối tượng này về cái nơi mà họ thường trú",1,data/dataset_nghean\train\spk_37_0018\37_0026.wav,22.273015873015872,44100,2,0.987060546875,0.2181200236082077,pass,duration_outside_4_15s
train,spk_37_0022,37_0030.wav,"Thời gian tới thì chúng tôi tiếp tục giao cho các tổ công tác phường xã Ở những địa bàn mà thường xuyên có người lang thang xin ăn thì tăng cường tuần tra rà soát, phát hiện đối tượng Rồi xác minh hoàn cảnh thân nhân để giao trả đối tượng về địa phương, về gia đình.",1,data/dataset_nghean\train\spk_37_0022\37_0030.wav,17.761020408163265,44100,2,0.98626708984375,0.11318040639162064,pass,duration_outside_4_15s
train,spk_37_0022,37_0031.wav,"Đối với những người mà không xác minh được quê quán nhân thân hoặc xác minh được nhưng mà không còn người có nghĩa vụ và trách nhiệm chăm sóc thì giao cho ủy ban nhân dân phường xã phối hợp với phòng lao động làm hồ sơ để đưa vào cơ sở trợ giúp xã hội. Ngoài những biện pháp đó thì chúng tôi cũng mong muốn là người dân chúng ta cũng không nên cho tiền người lang thang xin ăn ở tại các ngã ba, ngã tư, các tuyến phố trong địa bàn thành phố",1,data/dataset_nghean\train\spk_37_0022\37_0031.wav,27.251020408163264,44100,2,0.9777679443359375,0.12384674698114395,pass,duration_outside_4_15s
train,spk_37_0025,37_0034.wav,"Thực hiện sự chỉ đạo của lãnh đạo công an tỉnh, công an thành phố Vinh và chính quyền Phường Hồng Sơn đã triển khai các giải pháp để đảm bảo công tác phòng cháy chữa cháy, đặc biệt trong mùa nắng nóng..",1,data/dataset_nghean\train\spk_37_0025\37_0034.wav,11.943990929705215,44100,2,0.9812774658203125,0.18878556787967682,pass,
train,spk_37_0025,37_0035.wav,"Thời gian vừa qua đã tuyên truyền vận động các hộ kinh doanh, nhà ở kết hợp kinh doanh lắp đặt hệ thống tổ liên gia an toàn phòng cháy chữa cháy.",1,data/dataset_nghean\train\spk_37_0025\37_0035.wav,10.510997732426304,44100,2,0.98175048828125,0.22438928484916687,pass,
train,spk_37_0028,37_0039.wav,"Thì hiện nay đang bước vào cái mùa nắng nóng cao điểm thì công an thành phố đang tập trung chỉ đạo quyết liệt là cái công tác tuyên truyền an toàn phòng cháy chữa cháy trên địa bàn thành phố để cho mọi người dân hiểu được, nắm được cái nguy cơ cháy nổ cũng như cái thiệt hại do cháy nổ gây ra.",1,data/dataset_nghean\train\spk_37_0028\37_0039.wav,15.46700680272109,44100,2,0.999969482421875,0.17577095329761505,"flag:duration_outside_4_15s,possible_clipping","duration_outside_4_15s,possible_clipping"
train,spk_37_0028,37_0040.wav,"Cái thứ hai nữa thì chúng tôi đang tập trung chỉ đạo là cái công tác kiểm tra an toàn phòng cháy chữa cháy đối với các cái cơ sở thuộc thẩm quyền được phân cấp quản lý trong đó đặc biệt Tập trung vào đội các cái loại hình có tính chất nguy hiểm cháy nổ cao như chợ, trung tâm thương mại và nhà ở kết hợp sản xuất kinh doanh Xây dựng các cái tổ liên gia an toàn phòng cháy chữa cháy trên địa bàn thành phố",1,data/dataset_nghean\train\spk_37_0028\37_0040.wav,24.66,44100,2,0.992279052734375,0.2045113891363144,pass,duration_outside_4_15s
train,spk_37_0038,37_0050.wav,Chúng tôi là phối hợp với công ty cổ phần Bến xe Nghệ An và Tham mưu ủy ban nhân dân tỉnh rất nhiều cái văn bản để gửi cho Cục Đường bộ Việt Nam rồi Bộ Giao thông Vận tải để sớm nhận được sự chấp thuận của Bộ Giao thông Vận tải để phê duyệt cái đấu nối này.,1,data/dataset_nghean\train\spk_37_0038\37_0050.wav,22.56299319727891,44100,2,0.970062255859375,0.15612709522247314,pass,duration_outside_4_15s
train,spk_37_0038,37_0051.wav,Theo dự kiến của Quý ba năm hai nghìn không trăm hai ba này thì Bến xe phía Nam thành phố Vinh sẽ đưa vào hoạt động,1,data/dataset_nghean\train\spk_37_0038\37_0051.wav,8.31,44100,2,0.964935302734375,0.16414731740951538,pass,
train,spk_37_0048,37_0061.wav,"Đến thời điểm hiện nay, dự án khu du lịch văn hóa gắn với khu tưởng niệm Chủ tịch Hồ Chí Minh thực hiện xong cái bồi thường giải phóng mặt bằng. Các cái dự án tiếp theo đang khảo sát và hoàn thiện các cái bước và các cái quy trình. có dự án là khu du lịch văn hóa tâm linh nói chung, dự án làng Bình Yên gắn với trồng và bảo tồn giống lúa huyết rồng..",1,data/dataset_nghean\train\spk_37_0048\37_0061.wav,24.752,48000,2,0.9715576171875,0.19233183562755585,pass,duration_outside_4_15s
train,spk_37_0048,37_0062.wav,Qua quá trình thực hiện các dự án trên địa bàn thì cũng được cư dân là đồng tình ủng hộ rất là cao,1,data/dataset_nghean\train\spk_37_0048\37_0062.wav,5.999,48000,2,0.9569091796875,0.17525210976600647,pass,
train,spk_37_0053,37_0068.wav,"Đối với các cái quy hoạch chung, quy hoạch chi tiết đã được phê duyệt thì tổ chức công bố công khai mà đặc biệt là ứng dụng chuyển đổi số công nghệ số bằng công nghệ webviz để công bố công khai quy hoạch. Người dân và doanh nghiệp thì có thể tiếp cận một cách dễ dàng các đồ án được quy hoạch..",1,data/dataset_nghean\train\spk_37_0053\37_0068.wav,18.66,48000,2,0.97259521484375,0.15130363404750824,pass,duration_outside_4_15s
train,spk_37_0053,37_0069.wav,"Từ nay đến năm hai ngàn không trăm hai lăm thì triển khai lập một quy hoạch chung của Nam Giang và Trung cường theo nhiệm vụ đã xác định tăng cường công tác quản lý trật tự xây dựng, tập trung huy động ngân sách và nguồn vốn ngoài ngân sách để đầu tư kết cấu hạ tầng kỹ thuật hạ tầng xã hội đồng bộ theo các đồ án quy hoạch được dựng",1,data/dataset_nghean\train\spk_37_0053\37_0069.wav,18.836,48000,2,0.965576171875,0.134795144200325,pass,duration_outside_4_15s
train,spk_37_0057,37_0073.wav,Học sinh có thói quen là ăn vặt ở tại cổng trường vẫn có và cái tồn tại là gia đình phụ huynh cũng mong muốn con trong quá trình đi học thì ăn tạt ngang để ăn cho nó tiện. Thành ra là có những khó khăn nhất định. Trong thời gian tới thì phường sẽ tích cực.,1,data/dataset_nghean\train\spk_37_0057\37_0073.wav,15.465,48000,2,0.98150634765625,0.23462942242622375,pass,duration_outside_4_15s
train,spk_37_0057,37_0074.wav,hơn nữa trong cái việc đôn đốc cũng như là tuyên truyền và để chỉ đạo các ban ngành đoàn thể tiếp tục là phối hợp với cả ba nhà trường để thường chuyên nhắc nhở những hộ kinh doanh ở trên cổng trường. Và nhà trường tiếp tục tuyên truyền cho học sinh nâng cao ý thức đảm bảo trong quá trình an toàn vệ sinh thực phẩm,1,data/dataset_nghean\train\spk_37_0057\37_0074.wav,21.165,48000,2,0.9963836669921875,0.22328858077526093,pass,duration_outside_4_15s
train,spk_37_0058,37_0075.wav,"Đối với các hộ bán hàng rong thì trong thời gian vừa rồi thì ủy ban phường đã tổ chức ra quân, ký cam kết và đẩy đuổi xử lý thì Hiện nay cái tình trạng bán hàng rong trước cổng trường tiểu học, mầm non tiểu học và trung học cơ sở của phường Lê Mao thì đã được khắc phục tương đối triệt để..",1,data/dataset_nghean\train\spk_37_0058\37_0075.wav,18.295,48000,2,0.999969482421875,0.1776878982782364,"flag:duration_outside_4_15s,possible_clipping","duration_outside_4_15s,possible_clipping"
train,spk_37_0058,37_0076.wav,"Tuy nhiên bên cạnh đó thì thỉnh thoảng khi đoàn vắng thì có một số hộ vẫn đang còn đứng ở phía khu dân cư để bán và ủy ban phường đã và đang tiếp tục sẽ kiểm tra để nhắc nhở, chấn chỉnh về việc bán hàng rong",1,data/dataset_nghean\train\spk_37_0058\37_0076.wav,17.123,48000,2,1.0,0.21473821997642517,"flag:duration_outside_4_15s,possible_clipping","duration_outside_4_15s,possible_clipping"
train,spk_37_0059,37_0077.wav,Thì cái tinh thần và mục tiêu của cái nghị quyết này thì rất là tuyệt vời Nó mở ra những cái rất là thực tế Ví dụ như là về thể chế.,1,data/dataset_nghean\train\spk_37_0059\37_0077.wav,14.212,48000,2,1.0,0.23388540744781494,flag:possible_clipping,possible_clipping
train,spk_37_0059,37_0078.wav,Rồi về những cái là đổi mới rồi thì là điều chỉnh Rồi thì tất cả những cái gì mà đang còn khó khăn vướng mắc với những cái là văn bản thuộc về là thượng tầng là chỉ đạo các ngành địa phương tăng cường vấn đề là tháo gỡ các khó khăn vướng mắc rồi để khôi phục lại thị trường bất động sản,1,data/dataset_nghean\train\spk_37_0059\37_0078.wav,25.649,48000,2,0.9968414306640625,0.22243358194828033,pass,duration_outside_4_15s
train,spk_37_0061,37_0080.wav,"Nghị quyết ba ba, nghị quyết chính phủ, nó hoàn thiện với cơ chế mà lâu nay chúng ta vẫn đang khúc mắc nhiều, rồi là nó thúc đẩy cái thị trường nhà ở xã hội. Vấn đề tiếp theo là cái nguồn tín dụng, cái này rất quan trọng..",1,data/dataset_nghean\train\spk_37_0061\37_0080.wav,13.372,48000,2,1.0,0.21786591410636902,flag:possible_clipping,possible_clipping
train,spk_37_0061,37_0081.wav,Thị trường bất động sản mà không có nguồn tín dụng thì gần như là nó lưu thông hàng hóa và đầu tư gần như là tắc nghẽn. Và một cái vấn đề là Lâu nay là các tổ chức ở địa phương chúng ta cũng chưa quyết liệt vào cuộc để mà tạo ra cho thị trường bất động sản nó sôi động. Thì trong nghị quyết ba ba này thì là các tổ chức địa phương cần phải vào cuộc,1,data/dataset_nghean\train\spk_37_0061\37_0081.wav,23.437,48000,2,1.0,0.21528759598731995,"flag:duration_outside_4_15s,possible_clipping","duration_outside_4_15s,possible_clipping"
train,spk_37_0062,37_0082.wav,Nghị quyết là một cái thượng tầng của chính phủ Điều hành đất nước là theo nghị quyết đó,1,data/dataset_nghean\train\spk_37_0062\37_0082.wav,7.967,48000,2,0.999969482421875,0.2219569832086563,flag:possible_clipping,possible_clipping
train,spk_37_0062,37_0083.wav,"Nhưng mà biên giới ấy, tôi nghĩ rằng là ví dụ như là các cái biên giới, ví dụ như các điểm ngành, như xây dựng, như kế hoạch đầu tư Rồi là như là các cái địa phương cũng cần phải quyết liệt Làm như thế nào để cho doanh nghiệp và người dân tiếp cận được nhanh nhất, ngắn nhất Thì như vậy là nó mới thực tế đưa vào cuộc sống",1,data/dataset_nghean\train\spk_37_0062\37_0083.wav,24.643,48000,2,0.999969482421875,0.2463049292564392,"flag:duration_outside_4_15s,possible_clipping","duration_outside_4_15s,possible_clipping"
train,spk_37_0064,37_0085.wav,"Tôi có thể đề nghị ủy ban tỉnh, xem xét điều chỉnh lại cái đề án xây dựng huyện Con Cuông thành đô thị theo hướng sinh thái để phù hợp với cả cái quy định hiện hành của pháp luật và có cái định hướng phù hợp với quy hoạch vùng tỉnh trong thời gian tới. Thứ hai là tập trung vào vấn đề quy hoạch vùng huyện..",1,data/dataset_nghean\train\spk_37_0064\37_0085.wav,16.33,48000,2,0.9988555908203125,0.20324870944023132,pass,duration_outside_4_15s
train,spk_37_0064,37_0086.wav,"Về cơ sở quy hoạch vùng huyện thì chúng tôi sẽ xác định lập quy hoạch chung đô thị cho các khu trung tâm, tập trung vào vùng trung tâm thị trấn và các xã phù cận. Thứ hai nữa tập trung vào các điểm đô thị vệ tính của thị tận",1,data/dataset_nghean\train\spk_37_0064\37_0086.wav,14.93,48000,2,1.0,0.25947991013526917,flag:possible_clipping,possible_clipping
train,spk_37_0070,37_0092.wav,Hiện tại thì trên địa bàn tỉnh Nghệ An đang có bảy trăm tám mươi ba cái dự án hệ thống điện mặt trời mái nhà với khung suất lắp đặt là chín mươi mốt phẩy năm ki lô mê ga bít với sản lượng phát hàng năm khoảng tám mươi lăm triệu kWh..,1,data/dataset_nghean\train\spk_37_0070\37_0092.wav,16.121,48000,2,0.564453125,0.037305720150470734,pass,duration_outside_4_15s
train,spk_37_0070,37_0093.wav,Nếu như mà có cái quyết định của Thủ tướng Chính phủ cũng như các văn bản chỉ đạo của Bộ Công Thương của Tập đoàn Điện lực Việt Nam và Tổng công ty Điện lực miền Bắc thì sẽ có tiềm năng phát triển thì đang còn lớn và cũng sẽ có mang lại lợi ích cho cả đôi bên của các khách hàng cũng như là của ngành điện,1,data/dataset_nghean\train\spk_37_0070\37_0093.wav,21.671,48000,2,0.430877685546875,0.038028378039598465,pass,duration_outside_4_15s
train,spk_37_0072,37_0095.wav,Phát triển Điện Mặt Trời áp Mái là phù hợp với nghị quyết năm mươi lăm của Bộ Chính trị về phát triển năng lượng Việt Nam đến năm hai không năm mươi. Và đó cũng phù hợp với chương trình số mười một của tỉnh ủy và kế hoạch ba ba không của Ủy ban nhân dân tỉnh về thực hiện nghị quyết năm lăm..,0,data/dataset_nghean\train\spk_37_0072\37_0095.wav,16.721,48000,2,0.434722900390625,0.0491335466504097,pass,duration_outside_4_15s
train,spk_37_0072,37_0096.wav,Và bên cạnh đó thì nó cũng phù hợp với xu thế về chống biến đổi khí hậu của toàn cầu mà Việt Nam đã đăng ký là phát thải ròng về không để năm hai không năm mươi tại Hội nghị Liên Hợp Quốc về biến đổi khí hậu.,0,data/dataset_nghean\train\spk_37_0072\37_0096.wav,15.521,48000,2,0.513275146484375,0.05708685889840126,pass,duration_outside_4_15s
train,spk_37_0080,37_0105.wav,"Về dài hạn thì để mà duy trì và phát triển nó mang tính bền vững thì thứ nhất là phải có một số giải pháp đối với các công viên lớn thì sẽ phải thu hút đầu tư, các nhà đầu tư để vào khai thảng vận hành để mà quản lý và tạo cái nguồn thu và để duy trì được cái chất lượng của công viên ",1,data/dataset_nghean\train\spk_37_0080\37_0105.wav,20.815,48000,2,0.679931640625,0.04567695036530495,pass,duration_outside_4_15s
train,spk_37_0080,37_0106.wav,Bên cạnh đó thì là các cái văn hóa công viên nhỏ thì chúng tôi cũng sẽ phải nghiên cứu và tham mưu cho thành phố là về tập trung lại một cái đầu mối quản lý cũng như là có các cái giải pháp để cải tạo nâng cấp nó mang tính đồng bộ hơn.,1,data/dataset_nghean\train\spk_37_0080\37_0106.wav,11.727,48000,2,0.6917724609375,0.04699483513832092,pass,
train,spk_37_0083,37_0109.wav,Sáu tháng cuối năm hai nghìn không trăm hai hai đến đầu năm hai nghìn không trăm hai ba thì đội cảnh sát giao thông hình sự đã xử phạt một trăm mười lăm trường hợp vi phạm về trật tự giao thông cũng như là một trăm linh chín trường hợp trật tự dừng đậu xe trên vỉa hè của trật tự đô thị.,1,data/dataset_nghean\train\spk_37_0083\37_0109.wav,16.97,48000,2,0.456329345703125,0.056925591081380844,pass,duration_outside_4_15s
train,spk_37_0083,37_0110.wav,"Bên cạnh những đợt ra quân xử lý vi phạm thì đội trật tự cơ quan thành phố Vinh đã hướng đến tuyên truyền để nhằm nâng cao ý thức tham gia giao thông cũng như trật tự đô thị của người dân và đã tiến hành nhiều biện pháp, gửi thông báo cũng như xử lý, phạt nguội những hành vi vi phạm.",1,data/dataset_nghean\train\spk_37_0083\37_0110.wav,20.086,48000,2,0.683807373046875,0.06344203650951385,pass,duration_outside_4_15s
train,spk_37_0086,37_0113.wav,Quỹ đất để mà đầu tư xây dựng cái bãi đỗ xe hiện tại trong khu vực trung tâm là gần như nó không có. Quỹ đất sẽ sạch để mà đầu tư mới. Cái thứ hai là cái việc đầu tư vào cái những cái dự án mà bãi đỗ xe tập trung thì cũng chưa thu hút được các nhà đầu tư..,1,data/dataset_nghean\train\spk_37_0086\37_0113.wav,16.775,48000,2,0.464874267578125,0.050258737057447433,pass,duration_outside_4_15s
train,spk_37_0090,37_0121.wav,"Theo cái quy định của luật môi trường là các cái quy định của nhà nước liên quan đến đảm bảo chống ô nhiễm môi trường trong khu dân cư, thành phố đã có những giải pháp hướng dẫn, hỗ trợ giúp đỡ người dân để thực hiện nội dung này. Nhưng mà hiện nay thấy thành phố vẫn đang rất khó khăn..",1,data/dataset_nghean\train\spk_37_0090\37_0121.wav,20.725,48000,2,0.5467987060546875,0.054511167109012604,pass,duration_outside_4_15s
train,spk_37_0091,37_0123.wav,"Căn cứ vào tình hình của Nghệ An, diện tích rộng nhất cả nước, chăn nuôi thì nhỏ lẻ, chiếm bảy mươi phần trăm. Cấm chăn nuôi nội thành, nội thị thì nó có khó khăn. Đó là, một, là tìm cái quỹ đất để mà di dời các cái trang trại ra xung quanh cũng khó khăn..",1,data/dataset_nghean\train\spk_37_0091\37_0123.wav,17.377,48000,2,0.4445648193359375,0.04642004519701004,pass,duration_outside_4_15s
train,spk_37_0094,37_0127.wav,"thực trạng của các nhà chung cư ấy, thì không phải hầu hết tất cả những người dân vào sinh sống ở đấy thì đều là chính chủ của căn hộ mà ở đây có rất nhiều nhà người ta cho thuê hoặc là chính chủ là một người nhưng sinh sống ở đó là một người cho nên để mà dẫn đến cái việc mà quản lý đối với nhân khẩu hộ khẩu và quản lý đối với người thường trú tạm trú nó rất khó khăn, đây là một trong những cái mà nó bất cập xảy ra ở khu chung cư.",1,data/dataset_nghean\train\spk_37_0094\37_0127.wav,24.587,48000,2,0.261383056640625,0.04953271150588989,pass,duration_outside_4_15s
train,spk_37_0096,37_0130.wav,Thành phố cũng đã ban hành đề án quản lý hành chính khu chung cư của đô thị mới Trong đó cũng đề xuất rất là nhiều giải pháp về vấn đề sáp nhập các cái khu chung cư vào khối xóm hiện có liền kề.,1,data/dataset_nghean\train\spk_37_0096\37_0130.wav,13.623,48000,2,0.33831787109375,0.05758272483944893,pass,
train,spk_37_0099,37_0134.wav,Khối thì coi như là phổ biến rất rõ ràng. Thường xuyên là phổ biến là từ sáu giờ trở lên là cho đến mười giờ. Là thời gian là đưa rác ra để cho nhân viên môi trường đi thu gom rác..,0,data/dataset_nghean\train\spk_37_0099\37_0134.wav,14.078,48000,2,0.3623504638671875,0.04671721160411835,pass,
train,spk_37_0100,37_0136.wav,Thời gian họ đi lấy quá sớm. Tất nhiên có thể một khối họ đi hai ba lần Nhưng hai ba lần trong khung giờ là khoảng từ bốn rưỡi chiều cho đến khoảng bảy rưỡi tám giờ tối là gọi như là hầu như là hết.,1,data/dataset_nghean\train\spk_37_0100\37_0136.wav,13.519,48000,2,0.488800048828125,0.05215330794453621,pass,
train,spk_37_0101,37_0140.wav,Hiện tượng mà người dân phản ánh ở một số nơi thì khung giờ đưa rác ra mà chưa thu gom kịp thì một số nơi có một số người lao động trong quá trình thu gom họ chưa thu gom hết thì hiện tượng đó là có. Cái khung giờ nó chưa đảm bảo đúng theo quyết định số không hai đó..,1,data/dataset_nghean\train\spk_37_0101\37_0140.wav,21.365,48000,2,0.5072021484375,0.0439283661544323,pass,duration_outside_4_15s
train,spk_37_0103,37_0143.wav,Với cái lượng du khách đặt lịch tour đoàn cũng như là tour ghép lẻ du xuân đầu xuân thì công ty chúng tôi cũng đã bố trí các nhân sự với cả phòng điều hành cũng như cái đảm bảo về các dịch vụ để đến các điểm đón của du khách lựa chọn..,1,data/dataset_nghean\train\spk_37_0103\37_0143.wav,15.73,48000,2,0.550079345703125,0.063662089407444,pass,duration_outside_4_15s
train,spk_37_0104,37_0145.wav,"Hằng năm, thì gia đình chúng tôi sau khi đón Tết nguyên đán xong sẽ có các chương trình đi du lịch khai xuân. Năm nay tôi sẽ đi về miền Tây xứ Nghệ. Thứ nhất là sẽ để cho gia đình, con cái của mình, biết được trong nội tỉnh của mình như thế nào..",1,data/dataset_nghean\train\spk_37_0104\37_0145.wav,17.554,48000,2,0.6290435791015625,0.08472055196762085,pass,duration_outside_4_15s
train,spk_37_0108,37_0150.wav,Để đảm bảo cái an toàn giao thông cũng như đáp ứng nhu cầu đi lại của nhân dân trong dịp Tết Nguyên đán thì về phía công ty chúng tôi cũng đã là có kế hoạch về chuẩn bị Tết tăng cường lượt xe chạy lấy xe dự phòng và quay vòng xe chở đúng số người theo quy định không tăng giá vé chấp hành luật giao thông đường bộ.,1,data/dataset_nghean\train\spk_37_0108\37_0150.wav,27.7,48000,2,0.54522705078125,0.04798903316259384,pass,duration_outside_4_15s
train,spk_37_0110,37_0153.wav,Như các đồng chí đã biết thì hiện nay lưu lượng phương tiện di chuyển trên đường rất là đông Lượng người đổ về thành phố Vinh mua sắm để phục vụ công tác Tết rất là nhiều.,1,data/dataset_nghean\train\spk_37_0110\37_0153.wav,11.098,48000,2,0.38922119140625,0.04525510221719742,pass,
train,spk_37_0111,37_0155.wav,"Dưới sự chỉ đạo trực tiếp của lãnh đạo Công an tỉnh chúng tôi đã tham mưu kế hoạch huy động tối đa lực lượng để nhằm đảm bảo trật tự an toàn giao thông, trật tự đô thị trên địa bàn thành phố. Ngoài lực lượng nòng cốt là cảnh sát giao thông.",1,data/dataset_nghean\train\spk_37_0111\37_0155.wav,15.964,48000,2,0.502471923828125,0.04014204815030098,pass,duration_outside_4_15s
train,spk_37_0116,37_0161.wav,Thực hiện theo kế hoạch của tỉnh thì tại quảng trường Hồ Chí Minh năm nay có hai chương trình lớn Đấy là chương trình Chào Năm Mới hai không hai ba và chương trình Đêm Hội Giao Thừa.,0,data/dataset_nghean\train\spk_37_0116\37_0161.wav,9.254,48000,2,0.31500244140625,0.044910676777362823,pass,
train,spk_37_0125,37_0171.wav,"Hiện nay thì chủ đầu tư đang hoàn thiện các hồ sơ theo các quy định mới để bàn giao cho chính quyền. Tuy nhiên, nó cũng có những khó khăn vướng mắc. Theo các quy định trước đây, nó chưa quy định rõ ràng về các cái vấn đề nghiệm thu bàn giao cho chính quyền..",1,data/dataset_nghean\train\spk_37_0125\37_0171.wav,14.988,48000,2,0.368743896484375,0.07000682502985,pass,
train,spk_37_0126,37_0173.wav,"Một số cái công trình hạ tầng kỹ thuật của dự án thì thi công cũng chưa đúng theo thiết kế. Và chất lượng thi công có nơi cũng chưa đảm bảo. Cho nên việc nghiệm thu, để rồi chấp thuận nghiệm thu cũng đang còn bất cập. Đối với các dự án mà chưa thực hiện được giải phóng mặt bằng của dự án, đối với các tuyến đường hạ tầng kỹ thuật như hạ tầng xã hội..",1,data/dataset_nghean\train\spk_37_0126\37_0173.wav,23.495,48000,2,0.367462158203125,0.056373368948698044,pass,duration_outside_4_15s
train,spk_37_0131,37_0179.wav,Pháp luật quy định là không được sử dụng vỉa hè để làm nơi buôn bán cho nên là các cái cơ quan chức năng và các cái lực lượng phải xung xuất kiểm tra xử lý. Tuy nhiên trên thực tế thì vẫn còn diễn ra là có những loại hình kinh doanh buôn bán nhưng có thể là phần nào đó phù hợp cho việc đối với ví dụ như là vỉa hè rộng sử dụng một phần phù hợp và đặc biệt là giờ cao điểm thì đảm bảo cho hoạt động giao thông và không lấn chiếm vỉa hè.,1,data/dataset_nghean\train\spk_37_0131\37_0179.wav,23.536,48000,2,0.543426513671875,0.062227290123701096,pass,duration_outside_4_15s
train,spk_37_0133,37_0182.wav,"Việc phát triển kinh tế vỉa hè là tất yếu khách quan. Nó mang lại rất nhiều ý nghĩa cho các địa phương, các quốc gia. Nó sẽ giải quyết câu chuyện công ăn việc làm cho người dân, phát triển văn hóa xã hội. Bởi vì khi mà đã xây dựng được một kinh tế về hè, nó có thể mang lại những nét đặc trưng riêng của mỗi địa phương..",0,data/dataset_nghean\train\spk_37_0133\37_0182.wav,17.447,48000,2,0.354217529296875,0.061100658029317856,pass,duration_outside_4_15s
train,spk_37_0138,37_0188.wav,Nghi Đức thì được tỉnh công nhận nông thôn mới năm hai nghìn mười sáu nhưng mà để đạt được tiêu chí theo định hướng lên phường thì xã cũng phải phấn đấu rất nhiều các cái tiêu chí..,1,data/dataset_nghean\train\spk_37_0138\37_0188.wav,11.868,48000,2,0.408477783203125,0.02588949166238308,pass,
train,spk_37_0139,37_0190.wav,"khó khăn nhất thì vẫn là vấn đề về đất sản xuất nông nghiệp. Diện tích nông nghiệp của xã Hưng Đông thì hiện tại còn khoảng một trăm chín mươi hai héc ta. Ở Hưng Đông thì gần trạm điện, các dây điện đi qua đối với xã thì rất là nhiều. Nó khó chuyển đổi cáp thành các việc khác..",1,data/dataset_nghean\train\spk_37_0139\37_0190.wav,17.464,48000,2,0.2611083984375,0.04173663631081581,pass,duration_outside_4_15s
train,spk_37_0142,37_0194.wav,"Khó khăn thì cũng chồng chất đấy, chứ không đơn giản. Ở các cái khu công nghiệp của tỉnh Nghệ An nói chung, chưa thấy một hạ tầng xã hội nào mà tôi mới thấy là hạ tầng kỹ thuật thôi. Các thủ tục hành chính của mình đang còn cực kỳ rườm rà, cực kỳ vướng mắc, cực kỳ chồng chéo..",1,data/dataset_nghean\train\spk_37_0142\37_0194.wav,19.693,48000,2,0.32989501953125,0.04693319648504257,pass,duration_outside_4_15s
train,spk_37_0154,37_0207.wav,đã xây dựng cái lộ trình lập các cái quy hoạch khu đô thị mới ở các vùng ven đô được kết nối bởi các cái trung tâm huyện với bởi các tuyến đường giao thông huyết mạch lớn..,1,data/dataset_nghean\train\spk_37_0154\37_0207.wav,10.271,48000,2,0.368865966796875,0.03578422591090202,pass,
train,spk_37_0156,37_0210.wav,"Phường cũng đã xây dựng kế hoạch phối hợp với mặt trận Tổ quốc, các đoàn thể, rồi các phòng ban ngành liên quan của thị xã là trực tiếp làm công tác tuyên truyền, vận động các khách sạn, nhà hàng, nhà nghỉ. Khi xây dựng và đã xây dựng đưa vào sử dụng đấu nối vào hệ thống đường ống cấp một, cấp hai của Ủy ban Thị xã Cửa Lò để chuyển về nhà máy xử lý nước thải..",1,data/dataset_nghean\train\spk_37_0156\37_0210.wav,24.373,48000,2,0.40716552734375,0.041025884449481964,pass,duration_outside_4_15s
train,spk_37_0161,37_0216.wav,Toàn bộ cái hệ thống tiêu thoát nước trên địa bàn Thành phố trong thời gian qua là phải nói là còn rất nhiều bất cập. Như là do các cái công trình cũ..,1,data/dataset_nghean\train\spk_37_0161\37_0216.wav,14.78,48000,2,0.385589599609375,0.03636731952428818,pass,
train,spk_37_0162,37_0218.wav,"trồng các cái cây thủy trúc, sen, súng và một số loài cây thủy sinh khác trong giai đoạn thí điểm để góp phần, thứ nhất là tạo cảnh quan môi trường, thứ hai là giảm thiểu một số tác động trong ô nhiễm môi trường trong khu vực hào thành cổ Vinh..",1,data/dataset_nghean\train\spk_37_0162\37_0218.wav,14.125,48000,2,0.4830322265625,0.046709079295396805,pass,
train,spk_37_0163,37_0220.wav,"xử lý ô nhiễm môi trường ở các cái hệ thống tiêu thoát nước trên địa bàn thành phố, đặc biệt là một số cái điểm coi như là gây bức xúc. Ví dụ như Hào Thành Cổ, Kênh Bắc, một số cái hồ chứa nước thành phố từng bước là đầu tư nâng cấp hệ thống hạ tầng thoát nước để không cho nước thải sinh hoạt lọt vào những hồ này..",1,data/dataset_nghean\train\spk_37_0163\37_0220.wav,24.379,48000,2,0.48828125,0.05404447764158249,pass,duration_outside_4_15s
train,spk_37_0167,37_0225.wav,Quy định của Trung Ương thì trong cái tiêu chí đánh giá về thu nhập bình quân đầu người Nhưng ở cơ sở thì lại đánh giá là theo là chuẩn đoán giá trị tăng thêm Cho nên nó cũng khó khăn trong cái vấn đề đánh giá của tiêu chí này.,1,data/dataset_nghean\train\spk_37_0167\37_0225.wav,13.12,48000,2,0.366424560546875,0.035985078662633896,pass,
train,spk_37_0174,37_0233.wav,"Xác định vai trò vị trí của truyền thanh cơ sở đối với các nhiệm vụ phát triển kinh tế, chính trị xã hội của thành phố. Chúng tôi thường xuyên tổ chức các cái lớp tập huấn, tăng cường chất lượng nội dung chuyên môn, đảm bảo tính thời sự thiết thực, có tính pháp lý, kịp thời, có trọng tâm trọng điểm. và đặc biệt là gắn với các ứng dụng công nghệ thông tin cũng như đa dạng các hình thức để tiếp cận gần hơn với nhân dân..",0,data/dataset_nghean\train\spk_37_0174\37_0233.wav,24.485,48000,2,0.6746826171875,0.04672388359904289,pass,duration_outside_4_15s
train,spk_37_0175,37_0235.wav,"Các cái khu đô thị này thì theo hướng là đô thị hỗn hợp, gồm là các cái hạ tầng kỹ thuật đồng bộ và các cái công trình hỗn hợp như là nhà ở, gồm biệt thự, sốc hâu và liền kề.",1,data/dataset_nghean\train\spk_37_0175\37_0235.wav,13.84,48000,2,0.4566650390625,0.047757454216480255,pass,
train,spk_37_0178,37_0239.wav,"Chúng tôi thực hiện quy hoạch sử dụng đất, quy hoạch nông thôn mới và các bước để tiến tới quy hoạch xây dựng xã Nam Giang trở thành đô thị loại năm.",1,data/dataset_nghean\train\spk_37_0178\37_0239.wav,11.192,48000,2,0.472137451171875,0.03818778321146965,pass,
train,spk_37_0179,37_0241.wav,"Thể tập trung phát triển hệ thống hạ tầng kết nối, đặc biệt là hệ thống giao thông, thu hút các cái nhà đầu tư vào đầu tư các cái khu đô thị mới để làm cái điểm nhấn cho các cái vùng phát triển. Ngoài ra thì cũng tập trung phát triển một số cái khu vực mang tính chất đô thị, nhưng mà hài hòa với phát triển không gian văn hóa, xanh, sinh thái..",1,data/dataset_nghean\train\spk_37_0179\37_0241.wav,28.837,48000,2,0.7071533203125,0.05446211248636246,pass,duration_outside_4_15s
train,spk_37_0180,37_0243.wav,Tôi thấy thì hành lang cũng cần phải có một cái khoảng để mà dành cho người đi bộ. Nếu như bị lấn chiếm thì nó sẽ ảnh hưởng đến cái vấn đề giao thông dành cho người đi bộ. Người đi bộ chắc chắn nó sẽ phải luồn lách xuống dưới lòng đường thì có thể nó sẽ rất là nguy hiểm.,0,data/dataset_nghean\train\spk_37_0180\37_0243.wav,20.7,48000,2,0.489044189453125,0.07488655298948288,pass,duration_outside_4_15s
train,spk_37_0184,37_0248.wav,xử lý thường xuyên và liên tục nhưng mà địa bàn thành phố thì rộng lớn người vi phạm thì nhiều cho nên là lực lượng của đội phối hợp với phường xã cũng khó có thể mà xử lý được hết Xử lý xong nhưng mà cái công tác duy trì quản lý tái lấn chiếm rất là khó khăn chúng tôi làm đến đâu thì có thể sạch đến đấy.,1,data/dataset_nghean\train\spk_37_0184\37_0248.wav,22.358,48000,2,0.4979095458984375,0.05472733825445175,pass,duration_outside_4_15s
train,spk_37_0185,37_0250.wav,Tới đây thì thành phố sẽ đưa thông tin là trong mạng xã hội đối với các hộ dân kinh doanh lấn chiếm. Kể cả là các người dân mà tham gia dịch vụ vỉa hè cũng đưa lên các cái thông tin mạng..,1,data/dataset_nghean\train\spk_37_0185\37_0250.wav,12.937,48000,2,0.3944091796875,0.03821747750043869,pass,
train,spk_37_0187,37_0253.wav,Thứ nhất là trên địa bàn xã Hưng Hòa Chúng Tôi thì có hai cái tuyến đường liên xã Đó là đường Hòa Lộc và đường Hòa Thái hai tuyến đường này thì cho đến thời điểm này thì vẫn chưa được đấu nối cái hệ thống điện chiếu sáng của nhà nước,1,data/dataset_nghean\train\spk_37_0187\37_0253.wav,13.735,48000,2,0.9752349853515625,0.22211450338363647,pass,
train,spk_37_0189,37_0256.wav,"đầu tư cũng chưa đồng bộ quá nhiều năm Cho nên nó dẫn đến cái vấn đề nó bất cập Trong quy hoạch, trong đầu tư, trong chủng loại bóng Cũng như là quá trình vận hành Nó hư hỏng sửa chữa",1,data/dataset_nghean\train\spk_37_0189\37_0256.wav,9.985,48000,2,0.997039794921875,0.24330469965934753,pass,
train,spk_37_0190,37_0258.wav,"Trong thời gian tới chúng tôi sẽ tiếp tục tập trung vào các cái dự án đầu tư công trung hạn của thành phố và trong đó có các cái dự án hạ tầng, dự án chiếu sáng, thay thế các cái hệ thống bóng cũ. Các hệ thống bóng cũ thì chúng tôi sẽ để cho tái sử dụng của các xã vùng ven.",1,data/dataset_nghean\train\spk_37_0190\37_0258.wav,15.233,48000,2,1.0,0.18404608964920044,"flag:duration_outside_4_15s,possible_clipping","duration_outside_4_15s,possible_clipping"
train,spk_37_0205,37_0274.wav,"Chợ Hương Đông thì được chợ từ năm hai không mười bốn với diện tích là ba nghìn hai trăm mét vuông. Và địa phương đã tổ chức các tuyên truyền vận động, ví dụ như hỗ trợ mười năm không thu phí, không thu các loại thuế phí để kích cầu..",1,data/dataset_nghean\train\spk_37_0205\37_0274.wav,16.627,48000,2,0.321746826171875,0.03657085821032524,pass,duration_outside_4_15s
train,spk_37_0207,37_0277.wav,Để mà từng bước phát huy cái hiệu quả của các chợ trong thời gian tới Thì thành phố đã xây dựng một kế hoạch phát triển thương mại dịch vụ Trong đó có kế hoạch chuyển đổi mô hình quản lý chợ Đến giai đoạn hai không hai mốt hai không hai lăm.,1,data/dataset_nghean\train\spk_37_0207\37_0277.wav,13.08,48000,2,0.50732421875,0.08214770257472992,pass,
train,spk_37_0208,37_0279.wav,Khu dân cư hiện đại này nó sẽ làm thay đổi bộ mặt của thị trấn trong tương lai bởi vì là cái khu dân cư hiện đại này thì được nhà đầu tư đề xuất được các cơ quan chuyên môn có chức năng rồi là có thẩm quyền là thẩm định và đưa ra một cái định hướng trong cái việc xây dựng.,1,data/dataset_nghean\train\spk_37_0208\37_0279.wav,23.279,48000,2,0.618072509765625,0.08034191280603409,pass,duration_outside_4_15s
train,spk_37_0209,37_0281.wav,Nghĩa Sơn là một xã mà rất thuận lợi cho phát triển đô thị Trên địa bàn xã có ba cái quốc lộ đi qua trên địa bàn Cũng là một cái xã giáp ranh giữa hai tỉnh Nghệ An và Thanh Hóa Thuận lợi thứ hai thì là trên địa bàn của xã thì,1,data/dataset_nghean\train\spk_37_0209\37_0281.wav,15.046,48000,2,0.59991455078125,0.11994633078575134,pass,duration_outside_4_15s
valid,spk_37_0210,37_0283.wav,"Hiện nay thì theo luật quy hoạch, tất cả các quy hoạch là tích hợp trong quy hoạch xây dựng vùng huyện..",1,data/dataset_nghean\valid\spk_37_0210\37_0283.wav,5.61,48000,2,0.632354736328125,0.10160838812589645,pass,
valid,spk_37_0223,37_0298.wav,"Đối với các cái dự án mà sử dụng đất, đề nghị là tỉnh, các cái huyện là thu hồi đối với những nhà đầu tư mà không có khả năng thực hiện kéo dài. để rồi là thành phố sẽ có một kế hoạch để có thể khai thác quỹ đất hoặc là mời gọi các nhà đầu tư vào tham gia thực hiện dự án..",1,data/dataset_nghean\valid\spk_37_0223\37_0298.wav,15.381,48000,2,0.960784912109375,0.10741923749446869,pass,duration_outside_4_15s
valid,spk_37_0226,37_0304.wav,"Trường lớp thì thực ra bây giờ ta có cái nghị quyết mười chín của ban chấp hành trung ương Cho nên đang còn tinh giảm biên chế này, tái cấu trúc này, tinh gọn bộ máy này Nhưng bây giờ mở cái trường mới rất là khó.",1,data/dataset_nghean\valid\spk_37_0226\37_0304.wav,12.106,48000,2,0.957550048828125,0.09693408012390137,pass,
valid,spk_37_0230,37_0309.wav,"Luật ghi rồi, nghị định ghi rồi, thông tư ghi rồi Có nghĩa rằng là luật và các cái văn bản giấy luật là ok cả rồi Đúng không ạ? Thì cứ thế mà làm không phải hỏi Đó nè, cái này thì phải hỏi sở xây dựng Đấy cái này hỏi sở tài chính",1,data/dataset_nghean\valid\spk_37_0230\37_0309.wav,13.727,48000,2,0.9747772216796875,0.11246590316295624,pass,
valid,spk_37_0241,37_0321.wav,Với cái sự kêu gọi và sự đầu tư theo lớp lang của trung tâm văn hóa thể thao thành phố đã đưa được các cái hoạt động như là dân gian vào rồi là dân ca ví dặm vào bên cạnh đó thì yêu cầu các cái tổ chức như là thành đoàn cũng đứng vào để tạo ra các cái nhóm thanh niên đường phố để tạo ra những màu sắc riêng.,1,data/dataset_nghean\valid\spk_37_0241\37_0321.wav,22.551,48000,2,0.62725830078125,0.055999018251895905,pass,duration_outside_4_15s

